,#iteration,algo,#panel,#suggestion,distances,iteration_time,total_time,target_found,"#generations
"
0,0,random,1,0,[7],0.006371736526489258,0.006371736526489258,False,"1
"
1,1,random,1,1,[7],0.006092071533203125,0.012463808059692383,False,"1
"
2,2,random,1,2,[7],0.006082296371459961,0.018546104431152344,False,"1
"
3,3,random,1,3,[14],0.006508350372314453,0.025054454803466797,False,"1
"
4,4,random,1,4,[8],0.005961418151855469,0.031015872955322266,False,"1
"
5,5,random,1,5,[6],0.005501270294189453,0.03651714324951172,False,"1
"
6,6,random,1,6,[8],0.00639796257019043,0.04291510581970215,False,"1
"
7,7,random,1,7,[4],0.004971742630004883,0.04788684844970703,False,"1
"
8,8,random,1,8,[11],0.005925893783569336,0.05381274223327637,False,"1
"
9,9,random,1,9,[7],0.006126880645751953,0.05993962287902832,False,"1
"
10,10,random,1,10,[4],0.01164102554321289,0.07158064842224121,False,"2
"
11,11,random,1,11,[4],0.005605220794677734,0.07718586921691895,False,"1
"
12,12,random,1,12,[6],0.012166738510131836,0.08935260772705078,False,"2
"
13,13,random,1,13,[7],0.008187294006347656,0.09753990173339844,False,"1
"
14,14,random,1,14,[9],0.0060596466064453125,0.10359954833984375,False,"1
"
15,15,random,1,15,[6],0.005522966384887695,0.10912251472473145,False,"1
"
16,16,random,1,16,[5],0.005992412567138672,0.11511492729187012,False,"1
"
17,17,random,1,17,[7],0.005539894104003906,0.12065482139587402,False,"1
"
18,18,random,1,18,[6],0.006426572799682617,0.12708139419555664,False,"1
"
19,19,random,1,19,[8],0.006011009216308594,0.13309240341186523,False,"1
"
20,20,random,1,20,[6],0.005578041076660156,0.1386704444885254,False,"1
"
21,21,random,1,21,[5],0.010967254638671875,0.14963769912719727,False,"2
"
22,22,random,1,22,[6],0.005914211273193359,0.15555191040039062,False,"1
"
23,23,random,1,23,[8],0.00583195686340332,0.16138386726379395,False,"1
"
24,24,random,1,24,[7],0.006023883819580078,0.16740775108337402,False,"1
"
25,25,random,1,25,[5],0.011536836624145508,0.17894458770751953,False,"2
"
26,26,random,1,26,[9],0.00609135627746582,0.18503594398498535,False,"1
"
27,27,random,1,27,[8],0.011274576187133789,0.19631052017211914,False,"2
"
28,28,random,1,28,[7],0.006474733352661133,0.20278525352478027,False,"1
"
29,29,random,1,29,[5],0.017318010330200195,0.22010326385498047,False,"3
"
30,30,random,1,30,[11],0.006087064743041992,0.22619032859802246,False,"1
"
31,31,random,1,31,[7],0.011134624481201172,0.23732495307922363,False,"2
"
32,32,random,1,32,[9],0.005922794342041016,0.24324774742126465,False,"1
"
33,33,random,1,33,[5],0.005495309829711914,0.24874305725097656,False,"1
"
34,34,random,1,34,[6],0.005834102630615234,0.2545771598815918,False,"1
"
35,35,random,1,35,[7],0.005550861358642578,0.2601280212402344,False,"1
"
36,36,random,1,36,[10],0.01183176040649414,0.2719597816467285,False,"2
"
37,37,random,1,37,[9],0.0064389705657958984,0.2783987522125244,False,"1
"
38,38,random,1,38,[9],0.011375665664672852,0.28977441787719727,False,"2
"
39,39,random,1,39,[4],0.016057252883911133,0.3058316707611084,False,"3
"
40,40,random,1,40,[7],0.00608372688293457,0.31191539764404297,False,"1
"
41,41,random,1,41,[4],0.005861043930053711,0.3177764415740967,False,"1
"
42,42,random,1,42,[9],0.011677026748657227,0.3294534683227539,False,"2
"
43,43,random,1,43,[7],0.005685091018676758,0.33513855934143066,False,"1
"
44,44,random,1,44,[11],0.006139039993286133,0.3412775993347168,False,"1
"
45,45,random,1,45,[9],0.006166934967041016,0.3474445343017578,False,"1
"
46,46,random,1,46,[9],0.006081581115722656,0.35352611541748047,False,"1
"
47,47,random,1,47,[10],0.005964517593383789,0.35949063301086426,False,"1
"
48,48,random,1,48,[12],0.006472110748291016,0.3659627437591553,False,"1
"
49,49,random,1,49,[6],0.00575566291809082,0.3717184066772461,False,"1
"
50,50,random,1,50,[5],0.005675077438354492,0.3773934841156006,False,"1
"
51,51,random,1,51,[10],0.006034374237060547,0.38342785835266113,False,"1
"
52,52,random,1,52,[7],0.006150484085083008,0.38957834243774414,False,"1
"
53,53,random,1,53,[8],0.006340742111206055,0.3959190845489502,False,"1
"
54,54,random,1,54,[3],0.011162519454956055,0.40708160400390625,False,"2
"
55,55,random,1,55,[4],0.05042004585266113,0.4575016498565674,False,"9
"
56,56,random,1,56,[9],0.0066242218017578125,0.4641258716583252,False,"1
"
57,57,random,1,57,[7],0.00652766227722168,0.4706535339355469,False,"1
"
58,58,random,1,58,[8],0.0059490203857421875,0.47660255432128906,False,"1
"
59,59,random,1,59,[7],0.006192684173583984,0.48279523849487305,False,"1
"
60,60,random,1,60,[6],0.010638713836669922,0.49343395233154297,False,"2
"
61,61,random,1,61,[6],0.0062143802642822266,0.4996483325958252,False,"1
"
62,62,random,1,62,[5],0.012136697769165039,0.5117850303649902,False,"2
"
63,63,random,1,63,[8],0.005867719650268555,0.5176527500152588,False,"1
"
64,64,random,1,64,[6],0.02804088592529297,0.5456936359405518,False,"5
"
65,65,random,1,65,[6],0.0064089298248291016,0.5521025657653809,False,"1
"
66,66,random,1,66,[8],0.006746530532836914,0.5588490962982178,False,"1
"
67,67,random,1,67,[9],0.02475452423095703,0.5836036205291748,False,"4
"
68,68,random,1,68,[8],0.012620925903320312,0.5962245464324951,False,"2
"
69,69,random,1,69,[7],0.03508639335632324,0.6313109397888184,False,"6
"
70,70,random,1,70,[6],0.006419181823730469,0.6377301216125488,False,"1
"
71,71,random,1,71,[7],0.011755228042602539,0.6494853496551514,False,"2
"
72,72,random,1,72,[8],0.0068721771240234375,0.6563575267791748,False,"1
"
73,73,random,1,73,[7],0.005859375,0.6622169017791748,False,"1
"
74,74,random,1,74,[5],0.02273726463317871,0.6849541664123535,False,"4
"
75,75,random,1,75,[6],0.006435394287109375,0.6913895606994629,False,"1
"
76,76,random,1,76,[12],0.007033824920654297,0.6984233856201172,False,"1
"
77,77,random,1,77,[5],0.012189388275146484,0.7106127738952637,False,"2
"
78,78,random,1,78,[5],0.011477947235107422,0.7220907211303711,False,"2
"
79,79,random,1,79,[8],0.006464242935180664,0.7285549640655518,False,"1
"
80,80,random,1,80,[7],0.007178544998168945,0.7357335090637207,False,"1
"
81,81,random,1,81,[4],0.02409815788269043,0.7598316669464111,False,"4
"
82,82,random,1,82,[6],0.06194877624511719,0.8217804431915283,False,"11
"
83,83,random,1,83,[7],0.011654376983642578,0.8334348201751709,False,"2
"
84,84,random,1,84,[11],0.02297353744506836,0.8564083576202393,False,"4
"
85,85,random,1,85,[10],0.011421680450439453,0.8678300380706787,False,"2
"
86,86,random,1,86,[9],0.006777286529541016,0.8746073246002197,False,"1
"
87,87,random,1,87,[8],0.013013601303100586,0.8876209259033203,False,"2
"
88,88,random,1,88,[4],0.006149768829345703,0.893770694732666,False,"1
"
89,89,random,1,89,[8],0.01820850372314453,0.9119791984558105,False,"3
"
90,90,random,1,90,[11],0.0070972442626953125,0.9190764427185059,False,"1
"
91,91,random,1,91,[6],0.00652766227722168,0.9256041049957275,False,"1
"
92,92,random,1,92,[4],0.011537551879882812,0.9371416568756104,False,"2
"
93,93,random,1,93,[4],0.01156926155090332,0.9487109184265137,False,"2
"
94,94,random,1,94,[4],0.006541728973388672,0.9552526473999023,False,"1
"
95,95,random,1,95,[8],0.006669759750366211,0.9619224071502686,False,"1
"
96,96,random,1,96,[6],0.006124973297119141,0.9680473804473877,False,"1
"
97,97,random,1,97,[6],0.006560325622558594,0.9746077060699463,False,"1
"
98,98,random,1,98,[4],0.006717681884765625,0.9813253879547119,False,"1
"
99,99,random,1,99,[5],0.012490510940551758,0.9938158988952637,False,"2
"
100,100,random,1,100,[5],0.03284788131713867,1.0266637802124023,False,"6
"
101,101,random,1,101,[7],0.006478071212768555,1.033141851425171,False,"1
"
102,102,random,1,102,[8],0.007155656814575195,1.040297508239746,False,"1
"
103,103,random,1,103,[6],0.006666898727416992,1.046964406967163,False,"1
"
104,104,random,1,104,[10],0.019446611404418945,1.066411018371582,False,"3
"
105,105,random,1,105,[6],0.007107734680175781,1.0735187530517578,False,"1
"
106,106,random,1,106,[5],0.006796836853027344,1.0803155899047852,False,"1
"
107,107,random,1,107,[1],0.006754875183105469,1.0870704650878906,False,"1
"
108,108,random,1,108,[9],0.024770021438598633,1.1118404865264893,False,"4
"
109,109,random,1,109,[9],0.012707948684692383,1.1245484352111816,False,"2
"
110,110,random,1,110,[10],0.0303497314453125,1.1548981666564941,False,"5
"
111,111,random,1,111,[9],0.007292747497558594,1.1621909141540527,False,"1
"
112,112,random,1,112,[4],0.011728525161743164,1.173919439315796,False,"2
"
113,113,random,1,113,[3],0.00620722770690918,1.180126667022705,False,"1
"
114,114,random,1,114,[5],0.017614126205444336,1.1977407932281494,False,"3
"
115,115,random,1,115,[9],0.011780738830566406,1.2095215320587158,False,"2
"
116,116,random,1,116,[6],0.012263059616088867,1.2217845916748047,False,"2
"
117,117,random,1,117,[12],0.019349098205566406,1.241133689880371,False,"3
"
118,118,random,1,118,[11],0.013367891311645508,1.2545015811920166,False,"2
"
119,119,random,1,119,[4],0.013629436492919922,1.2681310176849365,False,"2
"
120,120,random,1,120,[4],0.006434917449951172,1.2745659351348877,False,"1
"
121,121,random,1,121,[7],0.006911516189575195,1.281477451324463,False,"1
"
122,122,random,1,122,[8],0.018373727798461914,1.2998511791229248,False,"3
"
123,123,random,1,123,[6],0.00690460205078125,1.306755781173706,False,"1
"
124,124,random,1,124,[8],0.026071548461914062,1.3328273296356201,False,"4
"
125,125,random,1,125,[8],0.011985063552856445,1.3448123931884766,False,"2
"
126,126,random,1,126,[9],0.007004499435424805,1.3518168926239014,False,"1
"
127,127,random,1,127,[6],0.0068013668060302734,1.3586182594299316,False,"1
"
128,128,random,1,128,[5],0.007073163986206055,1.3656914234161377,False,"1
"
129,129,random,1,129,[3],0.006996870040893555,1.3726882934570312,False,"1
"
130,130,random,1,130,[3],0.02332901954650879,1.39601731300354,False,"4
"
131,131,random,1,131,[5],0.019066572189331055,1.415083885192871,False,"3
"
132,132,random,1,132,[7],0.018555641174316406,1.4336395263671875,False,"3
"
133,133,random,1,133,[7],0.018254518508911133,1.4518940448760986,False,"3
"
134,134,random,1,134,[7],0.006393909454345703,1.4582879543304443,False,"1
"
135,135,random,1,135,[9],0.012807130813598633,1.471095085144043,False,"2
"
136,136,random,1,136,[8],0.03758549690246582,1.5086805820465088,False,"6
"
137,137,random,1,137,[8],0.01970696449279785,1.5283875465393066,False,"3
"
138,138,random,1,138,[8],0.012207746505737305,1.540595293045044,False,"2
"
139,139,random,1,139,[5],0.006494045257568359,1.5470893383026123,False,"1
"
140,140,random,1,140,[5],0.006505012512207031,1.5535943508148193,False,"1
"
141,141,random,1,141,[5],0.006592750549316406,1.5601871013641357,False,"1
"
142,142,random,1,142,[6],0.012749671936035156,1.572936773300171,False,"2
"
143,143,random,1,143,[5],0.006888628005981445,1.5798254013061523,False,"1
"
144,144,random,1,144,[8],0.020456314086914062,1.6002817153930664,False,"3
"
145,145,random,1,145,[9],0.03187274932861328,1.6321544647216797,False,"5
"
146,146,random,1,146,[4],0.025775909423828125,1.6579303741455078,False,"4
"
147,147,random,1,147,[3],0.01761484146118164,1.6755452156066895,False,"3
"
148,148,random,1,148,[7],0.01201486587524414,1.6875600814819336,False,"2
"
149,149,random,1,149,[10],0.013905048370361328,1.701465129852295,False,"2
"
150,150,random,1,150,[6],0.030939340591430664,1.7324044704437256,False,"5
"
151,151,random,1,151,[5],0.025089025497436523,1.757493495941162,False,"5
"
152,152,random,1,152,[8],0.004370689392089844,1.761864185333252,False,"1
"
153,153,random,1,153,[4],0.007825374603271484,1.7696895599365234,False,"2
"
154,154,random,1,154,[6],0.019130229949951172,1.7888197898864746,False,"5
"
155,155,random,1,155,[7],0.008638381958007812,1.7974581718444824,False,"2
"
156,156,random,1,156,[7],0.008854150772094727,1.8063123226165771,False,"2
"
157,157,random,1,157,[11],0.012145519256591797,1.818457841873169,False,"3
"
158,158,random,1,158,[9],0.008558034896850586,1.8270158767700195,False,"2
"
159,159,random,1,159,[6],0.008102178573608398,1.835118055343628,False,"2
"
160,160,random,1,160,[8],0.02850961685180664,1.8636276721954346,False,"7
"
161,161,random,1,161,[10],0.034104108810424805,1.8977317810058594,False,"9
"
162,162,random,1,162,[7],0.0043582916259765625,1.902090072631836,False,"1
"
163,163,random,1,163,[10],0.008670330047607422,1.9107604026794434,False,"2
"
164,164,random,1,164,[8],0.011892318725585938,1.9226527214050293,False,"3
"
165,165,random,1,165,[8],0.004560708999633789,1.927213430404663,False,"1
"
166,166,random,1,166,[9],0.004654884338378906,1.931868314743042,False,"1
"
167,167,random,1,167,[4],0.007606029510498047,1.93947434425354,False,"2
"
168,168,random,1,168,[8],0.008354425430297852,1.947828769683838,False,"2
"
169,169,random,1,169,[5],0.014917612075805664,1.9627463817596436,False,"4
"
170,170,random,1,170,[7],0.004663944244384766,1.9674103260040283,False,"1
"
171,171,random,1,171,[8],0.013150930404663086,1.9805612564086914,False,"3
"
172,172,random,1,172,[9],0.011399269104003906,1.9919605255126953,False,"3
"
173,173,random,1,173,[5],0.01648712158203125,2.0084476470947266,False,"4
"
174,174,random,1,174,[9],0.0046825408935546875,2.0131301879882812,False,"1
"
175,175,random,1,175,[5],0.015471220016479492,2.0286014080047607,False,"4
"
176,176,random,1,176,[5],0.030971527099609375,2.05957293510437,False,"8
"
177,177,random,1,177,[8],0.008948087692260742,2.068521022796631,False,"2
"
178,178,random,1,178,[8],0.004439115524291992,2.072960138320923,False,"1
"
179,179,random,1,179,[8],0.031155109405517578,2.1041152477264404,False,"8
"
180,180,random,1,180,[6],0.027566194534301758,2.131681442260742,False,"7
"
181,181,random,1,181,[4],0.020607948303222656,2.152289390563965,False,"5
"
182,182,random,1,182,[14],0.004737138748168945,2.157026529312134,False,"1
"
183,183,random,1,183,[6],0.019643783569335938,2.1766703128814697,False,"5
"
184,184,random,1,184,[5],0.004471302032470703,2.1811416149139404,False,"1
"
185,185,random,1,185,[4],0.012002944946289062,2.1931445598602295,False,"3
"
186,186,random,1,186,[5],0.03143191337585449,2.224576473236084,False,"8
"
187,187,random,1,187,[10],0.008623123168945312,2.2331995964050293,False,"2
"
188,188,random,1,188,[6],0.008041620254516602,2.241241216659546,False,"2
"
189,189,random,1,189,[6],0.05230975151062012,2.293550968170166,False,"14
"
190,190,random,1,190,[6],0.008628368377685547,2.3021793365478516,False,"2
"
191,191,random,1,191,[9],0.04787421226501465,2.350053548812866,False,"12
"
192,192,random,1,192,[3],0.06549191474914551,2.4155454635620117,False,"17
"
193,193,random,1,193,[6],0.016590118408203125,2.432135581970215,False,"4
"
194,194,random,1,194,[6],0.016746044158935547,2.4488816261291504,False,"4
"
195,195,random,1,195,[4],0.011988401412963867,2.4608700275421143,False,"3
"
196,196,random,1,196,[8],0.02377772331237793,2.484647750854492,False,"6
"
197,197,random,1,197,[11],0.023836851119995117,2.5084846019744873,False,"6
"
198,198,random,1,198,[10],0.0045413970947265625,2.513025999069214,False,"1
"
199,199,random,1,199,[8],0.034966468811035156,2.547992467880249,False,"9
"
200,200,random,1,200,[6],0.0077474117279052734,2.5557398796081543,False,"2
"
201,201,random,1,201,[4],0.016312360763549805,2.572052240371704,False,"4
"
202,202,random,1,202,[5],0.01706862449645996,2.589120864868164,False,"4
"
203,203,random,1,203,[7],0.012367486953735352,2.6014883518218994,False,"3
"
204,204,random,1,204,[6],0.012566089630126953,2.6140544414520264,False,"3
"
205,205,random,1,205,[5],0.015903711318969727,2.629958152770996,False,"4
"
206,206,random,1,206,[5],0.004545688629150391,2.6345038414001465,False,"1
"
207,207,random,1,207,[7],0.004800558090209961,2.6393043994903564,False,"1
"
208,208,random,1,208,[9],0.004830360412597656,2.644134759902954,False,"1
"
209,209,random,1,209,[5],0.023990154266357422,2.6681249141693115,False,"6
"
210,210,random,1,210,[6],0.04752302169799805,2.7156479358673096,False,"12
"
211,211,random,1,211,[7],0.027071475982666016,2.7427194118499756,False,"7
"
212,212,random,1,212,[6],0.004827976226806641,2.7475473880767822,False,"1
"
213,213,random,1,213,[7],0.004543304443359375,2.7520906925201416,False,"1
"
214,214,random,1,214,[7],0.020137310028076172,2.7722280025482178,False,"5
"
215,215,random,1,215,[5],0.020580530166625977,2.7928085327148438,False,"5
"
216,216,random,1,216,[5],0.011579513549804688,2.8043880462646484,False,"3
"
217,217,random,1,217,[6],0.011573553085327148,2.8159615993499756,False,"3
"
218,218,random,1,218,[10],0.016237258911132812,2.8321988582611084,False,"4
"
219,219,random,1,219,[5],0.03256344795227051,2.864762306213379,False,"8
"
220,220,random,1,220,[7],0.031002521514892578,2.8957648277282715,False,"8
"
221,221,random,1,221,[7],0.016232728958129883,2.9119975566864014,False,"4
"
222,222,random,1,222,[6],0.035607099533081055,2.9476046562194824,False,"9
"
223,223,random,1,223,[6],0.013051271438598633,2.960655927658081,False,"3
"
224,224,random,1,224,[8],0.00487828254699707,2.965534210205078,False,"1
"
225,225,random,1,225,[7],0.04437422752380371,3.009908437728882,False,"11
"
226,226,random,1,226,[12],0.03327441215515137,3.043182849884033,False,"8
"
227,227,random,1,227,[7],0.00860452651977539,3.0517873764038086,False,"2
"
228,228,random,1,228,[6],0.004631757736206055,3.0564191341400146,False,"1
"
229,229,random,1,229,[6],0.007994413375854492,3.064413547515869,False,"2
"
230,230,random,1,230,[10],0.008545398712158203,3.0729589462280273,False,"2
"
231,231,random,1,231,[7],0.004609584808349609,3.077568531036377,False,"1
"
232,232,random,1,232,[10],0.0048902034759521484,3.082458734512329,False,"1
"
233,233,random,1,233,[4],0.004653215408325195,3.0871119499206543,False,"1
"
234,234,random,1,234,[2],0.012118816375732422,3.0992307662963867,False,"3
"
235,235,random,1,235,[12],0.0049211978912353516,3.104151964187622,False,"1
"
236,236,random,1,236,[5],0.0083770751953125,3.1125290393829346,False,"2
"
237,237,random,1,237,[6],0.020242929458618164,3.1327719688415527,False,"5
"
238,238,random,1,238,[8],0.004713535308837891,3.1374855041503906,False,"1
"
239,239,random,1,239,[4],0.009023666381835938,3.1465091705322266,False,"2
"
240,240,random,1,240,[9],0.03235459327697754,3.178863763809204,False,"8
"
241,241,random,1,241,[6],0.008949041366577148,3.1878128051757812,False,"2
"
242,242,random,1,242,[5],0.0044252872467041016,3.1922380924224854,False,"1
"
243,243,random,1,243,[10],0.029586076736450195,3.2218241691589355,False,"7
"
244,244,random,1,244,[8],0.01301884651184082,3.2348430156707764,False,"3
"
245,245,random,1,245,[6],0.013434886932373047,3.2482779026031494,False,"3
"
246,246,random,1,246,[5],0.012920379638671875,3.2611982822418213,False,"3
"
247,247,random,1,247,[5],0.03102564811706543,3.2922239303588867,False,"7
"
248,248,random,1,248,[6],0.01189422607421875,3.3041181564331055,False,"3
"
249,249,random,1,249,[8],0.004781246185302734,3.308899402618408,False,"1
"
250,250,random,1,250,[3],0.004935741424560547,3.3138351440429688,False,"1
"
251,251,random,1,251,[10],0.02939748764038086,3.3432326316833496,False,"7
"
252,252,random,1,252,[9],0.004732370376586914,3.3479650020599365,False,"1
"
253,253,random,1,253,[7],0.00881195068359375,3.3567769527435303,False,"2
"
254,254,random,1,254,[6],0.05712270736694336,3.4138996601104736,False,"14
"
255,255,random,1,255,[7],0.0047512054443359375,3.4186508655548096,False,"1
"
256,256,random,1,256,[6],0.026139497756958008,3.4447903633117676,False,"6
"
257,257,random,1,257,[4],0.1318671703338623,3.57665753364563,False,"34
"
258,258,random,1,258,[7],0.005041837692260742,3.5816993713378906,False,"1
"
259,259,random,1,259,[11],0.012195825576782227,3.593895196914673,False,"3
"
260,260,random,1,260,[5],0.032621145248413086,3.626516342163086,False,"8
"
261,261,random,1,261,[13],0.005168914794921875,3.631685256958008,False,"1
"
262,262,random,1,262,[6],0.0628213882446289,3.6945066452026367,False,"16
"
263,263,random,1,263,[2],0.04063296318054199,3.7351396083831787,False,"10
"
264,264,random,1,264,[7],0.005810976028442383,3.740950584411621,False,"1
"
265,265,random,1,265,[3],0.016400814056396484,3.7573513984680176,False,"4
"
266,266,random,1,266,[4],0.031246185302734375,3.788597583770752,False,"8
"
267,267,random,1,267,[7],0.005044460296630859,3.793642044067383,False,"1
"
268,268,random,1,268,[8],0.0047800540924072266,3.79842209815979,False,"1
"
269,269,random,1,269,[8],0.01977705955505371,3.8181991577148438,False,"5
"
270,270,random,1,270,[3],0.05437731742858887,3.8725764751434326,False,"14
"
271,271,random,1,271,[9],0.03640151023864746,3.90897798538208,False,"9
"
272,272,random,1,272,[6],0.020847558975219727,3.9298255443573,False,"5
"
273,273,random,1,273,[6],0.061296939849853516,3.9911224842071533,False,"15
"
274,274,random,1,274,[9],0.0051174163818359375,3.9962399005889893,False,"1
"
275,275,random,1,275,[4],0.004830598831176758,4.001070499420166,False,"1
"
276,276,random,1,276,[7],0.016382217407226562,4.017452716827393,False,"4
"
277,277,random,1,277,[7],0.008646011352539062,4.026098728179932,False,"2
"
278,278,random,1,278,[12],0.03188896179199219,4.057987689971924,False,"8
"
279,279,random,1,279,[8],0.005078554153442383,4.063066244125366,False,"1
"
280,280,random,1,280,[8],0.02444934844970703,4.087515592575073,False,"6
"
281,281,random,1,281,[6],0.004817008972167969,4.092332601547241,False,"1
"
282,282,random,1,282,[8],0.016364097595214844,4.108696699142456,False,"4
"
283,283,random,1,283,[5],0.008983373641967773,4.117680072784424,False,"2
"
284,284,random,1,284,[9],0.017522573471069336,4.135202646255493,False,"4
"
285,285,random,1,285,[7],0.028182506561279297,4.1633851528167725,False,"7
"
286,286,random,1,286,[6],0.046178340911865234,4.209563493728638,False,"12
"
287,287,random,1,287,[6],0.04631996154785156,4.255883455276489,False,"12
"
288,288,random,1,288,[8],0.03171396255493164,4.287597417831421,False,"8
"
289,289,random,1,289,[4],0.005121946334838867,4.29271936416626,False,"1
"
290,290,random,1,290,[8],0.039725303649902344,4.332444667816162,False,"10
"
291,291,random,1,291,[8],0.017225027084350586,4.349669694900513,False,"4
"
292,292,random,1,292,[5],0.030234336853027344,4.37990403175354,False,"7
"
293,293,random,1,293,[9],0.03459501266479492,4.414499044418335,False,"8
"
294,294,random,1,294,[8],0.005253791809082031,4.419752836227417,False,"1
"
295,295,random,1,295,[6],0.01572132110595703,4.435474157333374,False,"4
"
296,296,random,1,296,[7],0.05756378173828125,4.493037939071655,False,"15
"
297,297,random,1,297,[6],0.0437014102935791,4.536739349365234,False,"11
"
298,298,random,1,298,[7],0.0051898956298828125,4.541929244995117,False,"1
"
299,299,random,1,299,[4],0.02744436264038086,4.569373607635498,False,"7
"
300,300,random,1,300,[7],0.017012357711791992,4.58638596534729,False,"4
"
301,301,random,1,301,[5],0.008744478225708008,4.595130443572998,False,"2
"
302,302,random,1,302,[7],0.013373613357543945,4.608504056930542,False,"3
"
303,303,random,1,303,[10],0.0051631927490234375,4.613667249679565,False,"1
"
304,304,random,1,304,[10],0.005181312561035156,4.618848562240601,False,"1
"
305,305,random,1,305,[7],0.02069997787475586,4.6395485401153564,False,"5
"
306,306,random,1,306,[7],0.005217552185058594,4.644766092300415,False,"1
"
307,307,random,1,307,[4],0.017716169357299805,4.662482261657715,False,"4
"
308,308,random,1,308,[7],0.03709697723388672,4.699579238891602,False,"9
"
309,309,random,1,309,[7],0.04975080490112305,4.749330043792725,False,"12
"
310,310,random,1,310,[4],0.06083416938781738,4.810164213180542,False,"15
"
311,311,random,1,311,[6],0.005020618438720703,4.815184831619263,False,"1
"
312,312,random,1,312,[5],0.009217500686645508,4.824402332305908,False,"2
"
313,313,random,1,313,[4],0.009308099746704102,4.833710432052612,False,"2
"
314,314,random,1,314,[8],0.030322551727294922,4.864032983779907,False,"7
"
315,315,random,1,315,[6],0.027463912963867188,4.891496896743774,False,"7
"
316,316,random,1,316,[7],0.019736528396606445,4.911233425140381,False,"5
"
317,317,random,1,317,[3],0.05149674415588379,4.962730169296265,False,"13
"
318,318,random,1,318,[8],0.01770949363708496,4.98043966293335,False,"4
"
319,319,random,1,319,[8],0.005242586135864258,4.985682249069214,False,"1
"
320,320,random,1,320,[8],0.0416111946105957,5.02729344367981,False,"11
"
321,321,random,1,321,[7],0.017146587371826172,5.044440031051636,False,"4
"
322,322,random,1,322,[6],0.07549405097961426,5.11993408203125,False,"19
"
323,323,random,1,323,[8],0.04275918006896973,5.16269326210022,False,"11
"
324,324,random,1,324,[6],0.005270719528198242,5.167963981628418,False,"1
"
325,325,random,1,325,[7],0.009282112121582031,5.17724609375,False,"2
"
326,326,random,1,326,[10],0.03472638130187988,5.21197247505188,False,"8
"
327,327,random,1,327,[7],0.005079984664916992,5.217052459716797,False,"1
"
328,328,random,1,328,[8],0.00506138801574707,5.222113847732544,False,"1
"
329,329,random,1,329,[7],0.06613564491271973,5.288249492645264,False,"17
"
330,330,random,1,330,[8],0.04918169975280762,5.337431192398071,False,"12
"
331,331,random,1,331,[7],0.053137779235839844,5.390568971633911,False,"13
"
332,332,random,1,332,[10],0.01639080047607422,5.406959772109985,False,"4
"
333,333,random,1,333,[9],0.00846099853515625,5.415420770645142,False,"2
"
334,334,random,1,334,[5],0.005013704299926758,5.420434474945068,False,"1
"
335,335,random,1,335,[9],0.04159665107727051,5.462031126022339,False,"10
"
336,336,random,1,336,[6],0.023134708404541016,5.48516583442688,False,"5
"
337,337,random,1,337,[4],0.00829935073852539,5.493465185165405,False,"2
"
338,338,random,1,338,[6],0.031137943267822266,5.5246031284332275,False,"8
"
339,339,random,1,339,[5],0.013344526290893555,5.537947654724121,False,"3
"
340,340,random,1,340,[6],0.005068063735961914,5.543015718460083,False,"1
"
341,341,random,1,341,[6],0.016429424285888672,5.559445142745972,False,"4
"
342,342,random,1,342,[8],0.03853273391723633,5.597977876663208,False,"9
"
343,343,random,1,343,[9],0.021054744720458984,5.619032621383667,False,"5
"
344,344,random,1,344,[8],0.06266641616821289,5.68169903755188,False,"16
"
345,345,random,1,345,[10],0.03573894500732422,5.717437982559204,False,"9
"
346,346,random,1,346,[8],0.0053446292877197266,5.722782611846924,False,"1
"
347,347,random,1,347,[8],0.028490543365478516,5.751273155212402,False,"7
"
348,348,random,1,348,[9],0.05651497840881348,5.807788133621216,False,"14
"
349,349,random,1,349,[6],0.0816342830657959,5.889422416687012,False,"21
"
350,350,random,1,350,[8],0.1701817512512207,6.059604167938232,False,"43
"
351,351,random,1,351,[6],0.013737916946411133,6.0733420848846436,False,"3
"
352,352,random,1,352,[4],0.0051381587982177734,6.078480243682861,False,"1
"
353,353,random,1,353,[8],0.02469468116760254,6.103174924850464,False,"6
"
354,354,random,1,354,[6],0.10921239852905273,6.212387323379517,False,"27
"
355,355,random,1,355,[6],0.03193020820617676,6.244317531585693,False,"8
"
356,356,random,1,356,[7],0.024531841278076172,6.2688493728637695,False,"6
"
357,357,random,1,357,[10],0.005379438400268555,6.274228811264038,False,"1
"
358,358,random,1,358,[9],0.03553199768066406,6.309760808944702,False,"9
"
359,359,random,1,359,[4],0.008977890014648438,6.318738698959351,False,"2
"
360,360,random,1,360,[5],0.129852294921875,6.448590993881226,False,"32
"
361,361,random,1,361,[6],0.04043173789978027,6.489022731781006,False,"10
"
362,362,random,1,362,[7],0.058515310287475586,6.5475380420684814,False,"14
"
363,363,random,1,363,[10],0.01895880699157715,6.566496849060059,False,"4
"
364,364,random,1,364,[5],0.05375313758850098,6.62024998664856,False,"13
"
365,365,random,1,365,[6],0.06105542182922363,6.681305408477783,False,"15
"
366,366,random,1,366,[5],0.008661746978759766,6.689967155456543,False,"2
"
367,367,random,1,367,[4],0.012302637100219727,6.702269792556763,False,"3
"
368,368,random,1,368,[10],0.03257632255554199,6.734846115112305,False,"8
"
369,369,random,1,369,[6],0.012887001037597656,6.747733116149902,False,"3
"
370,370,random,1,370,[9],0.042031288146972656,6.789764404296875,False,"10
"
371,371,random,1,371,[7],0.08422732353210449,6.8739917278289795,False,"21
"
372,372,random,1,372,[6],0.11375927925109863,6.987751007080078,False,"28
"
373,373,random,1,373,[5],0.012324810028076172,7.000075817108154,False,"3
"
374,374,random,1,374,[9],0.09926319122314453,7.099339008331299,False,"25
"
375,375,random,1,375,[7],0.021582365036010742,7.12092137336731,False,"5
"
376,376,random,1,376,[8],0.026126623153686523,7.147047996520996,False,"6
"
377,377,random,1,377,[9],0.01760697364807129,7.164654970169067,False,"4
"
378,378,random,1,378,[6],0.0482485294342041,7.2129034996032715,False,"12
"
379,379,random,1,379,[6],0.05586123466491699,7.2687647342681885,False,"14
"
380,380,random,1,380,[12],0.1080026626586914,7.37676739692688,False,"26
"
381,381,random,1,381,[9],0.026009798049926758,7.402777194976807,False,"6
"
382,382,random,1,382,[6],0.06454753875732422,7.467324733734131,False,"16
"
383,383,random,1,383,[4],0.008672237396240234,7.475996971130371,False,"2
"
384,384,random,1,384,[11],0.1098470687866211,7.585844039916992,False,"27
"
385,385,random,1,385,[6],0.10026860237121582,7.686112642288208,False,"24
"
386,386,random,1,386,[9],0.00562596321105957,7.691738605499268,False,"1
"
387,387,random,1,387,[8],0.07527637481689453,7.767014980316162,False,"19
"
388,388,random,1,388,[7],0.07498002052307129,7.841995000839233,False,"18
"
389,389,random,1,389,[5],0.03387618064880371,7.875871181488037,False,"8
"
390,390,random,1,390,[7],0.02379465103149414,7.899665832519531,False,"6
"
391,391,random,1,391,[6],0.024618864059448242,7.9242846965789795,False,"6
"
392,392,random,1,392,[4],0.014024019241333008,7.9383087158203125,False,"3
"
393,393,random,1,393,[3],0.04681706428527832,7.985125780105591,False,"11
"
394,394,random,1,394,[8],0.07455682754516602,8.059682607650757,False,"18
"
395,395,random,1,395,[6],0.03448486328125,8.094167470932007,False,"8
"
396,396,random,1,396,[2],0.03278946876525879,8.126956939697266,False,"8
"
397,397,random,1,397,[4],0.02174830436706543,8.148705244064331,False,"5
"
398,398,random,1,398,[8],0.021690845489501953,8.170396089553833,False,"5
"
399,399,random,1,399,[8],0.02322077751159668,8.19361686706543,False,"5
"
400,400,random,1,400,[8],0.11402440071105957,8.30764126777649,False,"28
"
401,401,random,1,401,[9],0.04560112953186035,8.35324239730835,False,"11
"
402,402,random,1,402,[6],0.061969757080078125,8.415212154388428,False,"15
"
403,403,random,1,403,[11],0.06394267082214355,8.479154825210571,False,"15
"
404,404,random,1,404,[7],0.06200981140136719,8.541164636611938,False,"15
"
405,405,random,1,405,[7],0.022512435913085938,8.563677072525024,False,"5
"
406,406,random,1,406,[6],0.014268636703491211,8.577945709228516,False,"3
"
407,407,random,1,407,[4],0.027373313903808594,8.605319023132324,False,"6
"
408,408,random,1,408,[3],0.013176679611206055,8.61849570274353,False,"3
"
409,409,random,1,409,[6],0.0054056644439697266,8.6239013671875,False,"1
"
410,410,random,1,410,[8],0.005646467208862305,8.629547834396362,False,"1
"
411,411,random,1,411,[8],0.11515378952026367,8.744701623916626,False,"28
"
412,412,random,1,412,[7],0.016678333282470703,8.761379957199097,False,"4
"
413,413,random,1,413,[7],0.06071138381958008,8.822091341018677,False,"14
"
414,414,random,1,414,[3],0.012876033782958984,8.834967374801636,False,"3
"
415,415,random,1,415,[7],0.029703855514526367,8.864671230316162,False,"7
"
416,416,random,1,416,[6],0.062422752380371094,8.927093982696533,False,"15
"
417,417,random,1,417,[8],0.05925559997558594,8.98634958267212,False,"15
"
418,418,random,1,418,[6],0.032056331634521484,9.01840591430664,False,"8
"
419,419,random,1,419,[6],0.014044046401977539,9.032449960708618,False,"3
"
420,420,random,1,420,[4],0.15387535095214844,9.186325311660767,False,"38
"
421,421,random,1,421,[7],0.09501385688781738,9.281339168548584,False,"23
"
422,422,random,1,422,[8],0.016406774520874023,9.297745943069458,False,"4
"
423,423,random,1,423,[4],0.020699501037597656,9.318445444107056,False,"5
"
424,424,random,1,424,[4],0.03477811813354492,9.3532235622406,False,"8
"
425,425,random,1,425,[4],0.005385398864746094,9.358608961105347,False,"1
"
426,426,random,1,426,[9],0.04094815254211426,9.399557113647461,False,"10
"
427,427,random,1,427,[7],0.017058610916137695,9.416615724563599,False,"4
"
428,428,random,1,428,[6],0.026740550994873047,9.443356275558472,False,"6
"
429,429,random,1,429,[6],0.08448338508605957,9.527839660644531,False,"20
"
430,430,random,1,430,[4],0.026659011840820312,9.554498672485352,False,"6
"
431,431,random,1,431,[5],0.05977964401245117,9.614278316497803,False,"15
"
432,432,random,1,432,[5],0.1304183006286621,9.744696617126465,False,"31
"
433,433,random,1,433,[7],0.1782848834991455,9.92298150062561,False,"44
"
434,434,random,1,434,[8],0.005636692047119141,9.92861819267273,False,"1
"
435,435,random,1,435,[7],0.03576540946960449,9.964383602142334,False,"9
"
436,436,random,1,436,[8],0.005694150924682617,9.970077753067017,False,"1
"
437,437,random,1,437,[8],0.14219331741333008,10.112271070480347,False,"34
"
438,438,random,1,438,[8],0.05942201614379883,10.171693086624146,False,"14
"
439,439,random,1,439,[8],0.025704145431518555,10.197397232055664,False,"6
"
440,440,random,1,440,[8],0.010697126388549805,10.208094358444214,False,"2
"
441,441,random,1,441,[10],0.07477784156799316,10.282872200012207,False,"19
"
442,442,random,1,442,[5],0.009741067886352539,10.29261326789856,False,"2
"
443,443,random,1,443,[8],0.005710601806640625,10.2983238697052,False,"1
"
444,444,random,1,444,[6],0.02959895133972168,10.327922821044922,False,"7
"
445,445,random,1,445,[9],0.21524906158447266,10.543171882629395,False,"54
"
446,446,random,1,446,[8],0.047507286071777344,10.590679168701172,False,"11
"
447,447,random,1,447,[3],0.04639315605163574,10.637072324752808,False,"11
"
448,448,random,1,448,[7],0.059162139892578125,10.696234464645386,False,"14
"
449,449,random,1,449,[11],0.08939647674560547,10.785630941390991,False,"21
"
450,450,random,1,450,[6],0.012957096099853516,10.798588037490845,False,"3
"
451,451,random,1,451,[8],0.09920954704284668,10.897797584533691,False,"20
"
452,452,random,1,452,[6],0.009094953536987305,10.906892538070679,False,"1
"
453,453,random,1,453,[4],0.03726553916931152,10.94415807723999,False,"5
"
454,454,random,1,454,[5],0.13351225852966309,11.077670335769653,False,"21
"
455,455,random,1,455,[10],0.034073829650878906,11.111744165420532,False,"5
"
456,456,random,1,456,[7],0.015482187271118164,11.12722635269165,False,"2
"
457,457,random,1,457,[6],0.09368371963500977,11.22091007232666,False,"14
"
458,458,random,1,458,[6],0.0282289981842041,11.249139070510864,False,"4
"
459,459,random,1,459,[5],0.03138852119445801,11.280527591705322,False,"4
"
460,460,random,1,460,[7],0.35234618186950684,11.632873773574829,False,"55
"
461,461,random,1,461,[6],0.015156984329223633,11.648030757904053,False,"2
"
462,462,random,1,462,[10],0.09854602813720703,11.74657678604126,False,"15
"
463,463,random,1,463,[9],0.052535057067871094,11.79911184310913,False,"7
"
464,464,random,1,464,[8],0.0650033950805664,11.864115238189697,False,"9
"
465,465,random,1,465,[9],0.16937828063964844,12.033493518829346,False,"25
"
466,466,random,1,466,[7],0.2536201477050781,12.287113666534424,False,"38
"
467,467,random,1,467,[7],0.052657127380371094,12.339770793914795,False,"8
"
468,468,random,1,468,[9],0.11190247535705566,12.45167326927185,False,"17
"
469,469,random,1,469,[7],0.027111053466796875,12.478784322738647,False,"4
"
470,470,random,1,470,[10],0.021357059478759766,12.500141382217407,False,"3
"
471,471,random,1,471,[8],0.030550241470336914,12.530691623687744,False,"4
"
472,472,random,1,472,[9],0.009723186492919922,12.540414810180664,False,"1
"
473,473,random,1,473,[7],0.13038063049316406,12.670795440673828,False,"21
"
474,474,random,1,474,[7],0.048732757568359375,12.719528198242188,False,"7
"
475,475,random,1,475,[4],0.010043859481811523,12.729572057723999,False,"1
"
476,476,random,1,476,[6],0.023772239685058594,12.753344297409058,False,"3
"
477,477,random,1,477,[10],0.02174663543701172,12.77509093284607,False,"3
"
478,478,random,1,478,[6],0.04681229591369629,12.821903228759766,False,"7
"
479,479,random,1,479,[7],0.02862405776977539,12.850527286529541,False,"4
"
480,480,random,1,480,[7],0.10527586936950684,12.955803155899048,False,"16
"
481,481,random,1,481,[6],0.1376783847808838,13.093481540679932,False,"21
"
482,482,random,1,482,[5],0.01861715316772461,13.112098693847656,False,"2
"
483,483,random,1,483,[7],0.2043445110321045,13.31644320487976,False,"31
"
484,484,random,1,484,[5],0.022368907928466797,13.338812112808228,False,"3
"
485,485,random,1,485,[3],0.15220093727111816,13.491013050079346,False,"23
"
486,486,random,1,486,[6],0.1236269474029541,13.6146399974823,False,"18
"
487,487,random,1,487,[8],0.129591703414917,13.744231700897217,False,"20
"
488,488,random,1,488,[6],0.02237105369567871,13.766602754592896,False,"3
"
489,489,random,1,489,[9],0.11416482925415039,13.880767583847046,False,"17
"
490,490,random,1,490,[7],0.08102273941040039,13.961790323257446,False,"12
"
491,491,random,1,491,[9],0.0255739688873291,13.987364292144775,False,"3
"
492,492,random,1,492,[6],0.010119199752807617,13.997483491897583,False,"1
"
493,493,random,1,493,[6],0.33013200759887695,14.32761549949646,False,"52
"
494,494,random,1,494,[3],0.09215688705444336,14.419772386550903,False,"13
"
495,495,random,1,495,[8],0.05640578269958496,14.476178169250488,False,"8
"
496,496,random,1,496,[9],0.029235124588012695,14.505413293838501,False,"4
"
497,497,random,1,497,[7],0.035729169845581055,14.541142463684082,False,"5
"
498,498,random,1,498,[6],0.1343858242034912,14.675528287887573,False,"21
"
499,499,random,1,499,[7],0.05590415000915527,14.731432437896729,False,"9
"
500,500,random,1,500,[3],0.1268157958984375,14.858248233795166,False,"18
"
501,501,random,1,501,[7],0.11339664459228516,14.971644878387451,False,"17
"
502,502,random,1,502,[6],0.04284167289733887,15.01448655128479,False,"6
"
503,503,random,1,503,[4],0.16286659240722656,15.177353143692017,False,"25
"
504,504,random,1,504,[6],0.25065040588378906,15.428003549575806,False,"39
"
505,505,random,1,505,[7],0.041741132736206055,15.469744682312012,False,"6
"
506,506,random,1,506,[9],0.0157012939453125,15.485445976257324,False,"2
"
507,507,random,1,507,[10],0.31729769706726074,15.802743673324585,False,"49
"
508,508,random,1,508,[6],0.023606061935424805,15.82634973526001,False,"3
"
509,509,random,1,509,[8],0.2207622528076172,16.047111988067627,False,"34
"
510,510,random,1,510,[6],0.1121671199798584,16.159279108047485,False,"17
"
511,511,random,1,511,[7],0.11462020874023438,16.27389931678772,False,"18
"
512,512,random,1,512,[7],0.020758628845214844,16.294657945632935,False,"3
"
513,513,random,1,513,[7],0.0584721565246582,16.353130102157593,False,"8
"
514,514,random,1,514,[8],0.07011008262634277,16.423240184783936,False,"11
"
515,515,random,1,515,[10],0.04693889617919922,16.470179080963135,False,"6
"
516,516,random,1,516,[7],0.016494274139404297,16.48667335510254,False,"2
"
517,517,random,1,517,[4],0.06566858291625977,16.5523419380188,False,"10
"
518,518,random,1,518,[6],0.10131120681762695,16.653653144836426,False,"16
"
519,519,random,1,519,[6],0.04864645004272461,16.70229959487915,False,"6
"
520,520,random,1,520,[5],0.07494711875915527,16.777246713638306,False,"11
"
521,521,random,1,521,[8],0.1661224365234375,16.943369150161743,False,"25
"
522,522,random,1,522,[9],0.12111091613769531,17.06448006629944,False,"18
"
523,523,random,1,523,[6],0.010385990142822266,17.07486605644226,False,"1
"
524,524,random,1,524,[6],0.14013195037841797,17.21499800682068,False,"20
"
525,525,random,1,525,[6],0.2868478298187256,17.501845836639404,False,"42
"
526,526,random,1,526,[2],0.06131577491760254,17.563161611557007,False,"9
"
527,527,random,1,527,[9],0.029755592346191406,17.5929172039032,False,"4
"
528,528,random,1,528,[6],0.021788358688354492,17.614705562591553,False,"3
"
529,529,random,1,529,[8],0.15158677101135254,17.766292333602905,False,"24
"
530,530,random,1,530,[8],0.1913912296295166,17.957683563232422,False,"29
"
531,531,random,1,531,[6],0.21973204612731934,18.17741560935974,False,"33
"
532,532,random,1,532,[7],0.1602783203125,18.33769392967224,False,"24
"
533,533,random,1,533,[6],0.028087854385375977,18.365781784057617,False,"3
"
534,534,random,1,534,[10],0.16666889190673828,18.532450675964355,False,"25
"
535,535,random,1,535,[8],0.07006239891052246,18.602513074874878,False,"10
"
536,536,random,1,536,[3],0.18251681327819824,18.785029888153076,False,"26
"
537,537,random,1,537,[4],0.09060144424438477,18.87563133239746,False,"12
"
538,538,random,1,538,[6],0.05284905433654785,18.92848038673401,False,"7
"
539,539,random,1,539,[8],0.11666274070739746,19.045143127441406,False,"18
"
540,540,random,1,540,[7],0.015065431594848633,19.060208559036255,False,"2
"
541,541,random,1,541,[9],0.2971508502960205,19.357359409332275,False,"44
"
542,542,random,1,542,[5],0.015793561935424805,19.3731529712677,False,"2
"
543,543,random,1,543,[5],0.023517370223999023,19.3966703414917,False,"3
"
544,544,random,1,544,[7],0.010369300842285156,19.407039642333984,False,"1
"
545,545,random,1,545,[12],0.04125690460205078,19.448296546936035,False,"6
"
546,546,random,1,546,[8],0.3432340621948242,19.79153060913086,False,"52
"
547,547,random,1,547,[7],0.05134272575378418,19.842873334884644,False,"7
"
548,548,random,1,548,[7],0.07073569297790527,19.91360902786255,False,"11
"
549,549,random,1,549,[4],0.05122828483581543,19.964837312698364,False,"7
"
550,550,random,1,550,[5],0.03144359588623047,19.996280908584595,False,"4
"
551,551,random,1,551,[5],0.01562190055847168,20.011902809143066,False,"2
"
552,552,random,1,552,[4],0.06184220314025879,20.073745012283325,False,"8
"
553,553,random,1,553,[9],0.15964674949645996,20.233391761779785,False,"25
"
554,554,random,1,554,[5],0.07668685913085938,20.310078620910645,False,"12
"
555,555,random,1,555,[6],0.19469928741455078,20.504777908325195,False,"29
"
556,556,random,1,556,[7],0.041496992111206055,20.5462749004364,False,"6
"
557,557,random,1,557,[5],0.17647361755371094,20.722748517990112,False,"27
"
558,558,random,1,558,[7],0.0696418285369873,20.7923903465271,False,"11
"
559,559,random,1,559,[6],0.23357677459716797,21.025967121124268,False,"34
"
560,560,random,1,560,[7],0.0829775333404541,21.10894465446472,False,"12
"
561,561,random,1,561,[9],0.09116983413696289,21.200114488601685,False,"14
"
562,562,random,1,562,[6],0.03806710243225098,21.238181591033936,False,"5
"
563,563,random,1,563,[7],0.05158400535583496,21.28976559638977,False,"7
"
564,564,random,1,564,[10],0.04187774658203125,21.3316433429718,False,"6
"
565,565,random,1,565,[8],0.04883456230163574,21.380477905273438,False,"7
"
566,566,random,1,566,[7],0.022600650787353516,21.40307855606079,False,"3
"
567,567,random,1,567,[3],0.4445919990539551,21.847670555114746,False,"67
"
568,568,random,1,568,[6],0.09032750129699707,21.937998056411743,False,"12
"
569,569,random,1,569,[9],0.04859519004821777,21.98659324645996,False,"7
"
570,570,random,1,570,[7],0.022330284118652344,22.008923530578613,False,"3
"
571,571,random,1,571,[8],0.19163918495178223,22.200562715530396,False,"28
"
572,572,random,1,572,[8],0.05580544471740723,22.256368160247803,False,"8
"
573,573,random,1,573,[6],0.10796236991882324,22.364330530166626,False,"16
"
574,574,random,1,574,[7],0.02400517463684082,22.388335704803467,False,"3
"
575,575,random,1,575,[7],0.0665733814239502,22.454909086227417,False,"10
"
576,576,random,1,576,[8],0.04366016387939453,22.49856925010681,False,"6
"
577,577,random,1,577,[6],0.07779335975646973,22.57636260986328,False,"12
"
578,578,random,1,578,[7],0.13289809226989746,22.70926070213318,False,"19
"
579,579,random,1,579,[4],0.21585845947265625,22.925119161605835,False,"33
"
580,580,random,1,580,[7],0.27732062339782715,23.202439785003662,False,"41
"
581,581,random,1,581,[8],0.0766451358795166,23.27908492088318,False,"10
"
582,582,random,1,582,[3],0.2945740222930908,23.57365894317627,False,"44
"
583,583,random,1,583,[5],0.10974931716918945,23.68340826034546,False,"17
"
584,584,random,1,584,[4],0.40227580070495605,24.085684061050415,False,"62
"
585,585,random,1,585,[9],0.16447234153747559,24.25015640258789,False,"25
"
586,586,random,1,586,[9],0.042331695556640625,24.29248809814453,False,"6
"
587,587,random,1,587,[7],0.05429577827453613,24.346783876419067,False,"8
"
588,588,random,1,588,[10],0.15951108932495117,24.50629496574402,False,"25
"
589,589,random,1,589,[9],0.2167797088623047,24.723074674606323,False,"33
"
590,590,random,1,590,[6],0.08414387702941895,24.807218551635742,False,"12
"
591,591,random,1,591,[7],0.010849475860595703,24.818068027496338,False,"1
"
592,592,random,1,592,[6],0.042786598205566406,24.860854625701904,False,"6
"
593,593,random,1,593,[6],0.03302168846130371,24.893876314163208,False,"4
"
594,594,random,1,594,[10],0.04498624801635742,24.938862562179565,False,"6
"
595,595,random,1,595,[9],0.22925448417663574,25.1681170463562,False,"36
"
596,596,random,1,596,[7],0.0751197338104248,25.243236780166626,False,"10
"
597,597,random,1,597,[8],0.205902099609375,25.449138879776,False,"31
"
598,598,random,1,598,[5],0.029071331024169922,25.47821021080017,False,"4
"
599,599,random,1,599,[8],0.08136868476867676,25.559578895568848,False,"12
"
600,600,random,1,600,[6],0.02213311195373535,25.581712007522583,False,"3
"
601,601,random,1,601,[5],0.08668351173400879,25.668395519256592,False,"14
"
602,602,random,1,602,[7],0.2120051383972168,25.88040065765381,False,"31
"
603,603,random,1,603,[5],0.22841548919677734,26.108816146850586,False,"35
"
604,604,random,1,604,[8],0.05847954750061035,26.167295694351196,False,"8
"
605,605,random,1,605,[6],0.2815837860107422,26.44887948036194,False,"43
"
606,606,random,1,606,[9],0.49656105041503906,26.945440530776978,False,"77
"
607,607,random,1,607,[6],0.1871190071105957,27.132559537887573,False,"28
"
608,608,random,1,608,[9],0.07396316528320312,27.206522703170776,False,"11
"
609,609,random,1,609,[5],0.31641578674316406,27.52293848991394,False,"47
"
610,610,random,1,610,[6],0.04581022262573242,27.568748712539673,False,"7
"
611,611,random,1,611,[8],0.1896219253540039,27.758370637893677,False,"30
"
612,612,random,1,612,[8],0.30284571647644043,28.061216354370117,False,"44
"
613,613,random,1,613,[7],0.5147833824157715,28.57599973678589,False,"77
"
614,614,random,1,614,[9],0.08201932907104492,28.658019065856934,False,"12
"
615,615,random,1,615,[10],0.13489174842834473,28.79291081428528,False,"21
"
616,616,random,1,616,[4],0.1332864761352539,28.926197290420532,False,"20
"
617,617,random,1,617,[6],0.35699462890625,29.283191919326782,False,"54
"
618,618,random,1,618,[10],0.15476775169372559,29.437959671020508,False,"24
"
619,619,random,1,619,[9],0.15326213836669922,29.591221809387207,False,"23
"
620,620,random,1,620,[7],0.20136260986328125,29.79258441925049,False,"31
"
621,621,random,1,621,[7],0.07659602165222168,29.86918044090271,False,"11
"
622,622,random,1,622,[5],0.09293317794799805,29.962113618850708,False,"13
"
623,623,random,1,623,[2],0.31182432174682617,30.273937940597534,False,"46
"
624,624,random,1,624,[9],0.017320871353149414,30.291258811950684,False,"2
"
625,625,random,1,625,[10],0.030712604522705078,30.32197141647339,False,"4
"
626,626,random,1,626,[6],0.054648637771606445,30.376620054244995,False,"8
"
627,627,random,1,627,[8],0.10231971740722656,30.47893977165222,False,"15
"
628,628,random,1,628,[10],0.5375590324401855,31.016498804092407,False,"82
"
629,629,random,1,629,[11],0.4876222610473633,31.50412106513977,False,"72
"
630,630,random,1,630,[9],0.10663127899169922,31.61075234413147,False,"16
"
631,631,random,1,631,[8],0.18706893920898438,31.797821283340454,False,"27
"
632,632,random,1,632,[6],0.17036080360412598,31.96818208694458,False,"25
"
633,633,random,1,633,[7],0.042977094650268555,32.01115918159485,False,"6
"
634,634,random,1,634,[5],0.1241302490234375,32.135289430618286,False,"17
"
635,635,random,1,635,[3],0.06345510482788086,32.19874453544617,False,"10
"
636,636,random,1,636,[8],0.14045238494873047,32.3391969203949,False,"20
"
637,637,random,1,637,[8],0.14689421653747559,32.48609113693237,False,"22
"
638,638,random,1,638,[6],0.13938188552856445,32.62547302246094,False,"20
"
639,639,random,1,639,[4],0.05174398422241211,32.67721700668335,False,"8
"
640,640,random,1,640,[5],0.04938983917236328,32.72660684585571,False,"6
"
641,641,random,1,641,[7],0.19160056114196777,32.91820740699768,False,"28
"
642,642,random,1,642,[4],0.07079172134399414,32.988999128341675,False,"11
"
643,643,random,1,643,[9],0.1816234588623047,33.17062258720398,False,"26
"
644,644,random,1,644,[10],0.10668444633483887,33.27730703353882,False,"15
"
645,645,random,1,645,[7],0.010625362396240234,33.28793239593506,False,"1
"
646,646,random,1,646,[6],0.08952832221984863,33.37746071815491,False,"14
"
647,647,random,1,647,[9],0.02385997772216797,33.401320695877075,False,"3
"
648,648,random,1,648,[6],0.40555906295776367,33.80687975883484,False,"60
"
649,649,random,1,649,[5],0.47167181968688965,34.27855157852173,False,"71
"
650,650,random,1,650,[11],0.2516748905181885,34.53022646903992,False,"37
"
651,651,random,1,651,[5],0.07293891906738281,34.6031653881073,False,"11
"
652,652,random,1,652,[5],0.11520934104919434,34.718374729156494,False,"17
"
653,653,random,1,653,[5],0.4209866523742676,35.13936138153076,False,"62
"
654,654,random,1,654,[6],0.1782069206237793,35.31756830215454,False,"27
"
655,655,random,1,655,[10],0.08249068260192871,35.40005898475647,False,"12
"
656,656,random,1,656,[7],0.08881545066833496,35.488874435424805,False,"12
"
657,657,random,1,657,[7],0.13039469718933105,35.619269132614136,False,"18
"
658,658,random,1,658,[5],0.0940408706665039,35.71331000328064,False,"14
"
659,659,random,1,659,[9],0.1624622344970703,35.87577223777771,False,"24
"
660,660,random,1,660,[5],0.18761277198791504,36.063385009765625,False,"28
"
661,661,random,1,661,[7],0.19948768615722656,36.26287269592285,False,"31
"
662,662,random,1,662,[5],0.011091947555541992,36.273964643478394,False,"1
"
663,663,random,1,663,[6],0.4696841239929199,36.74364876747131,False,"71
"
664,664,random,1,664,[9],0.1487889289855957,36.89243769645691,False,"22
"
665,665,random,1,665,[5],0.22777485847473145,37.12021255493164,False,"34
"
666,666,random,1,666,[6],0.1635758876800537,37.283788442611694,False,"25
"
667,667,random,1,667,[9],0.8490581512451172,38.13284659385681,False,"127
"
668,668,random,1,668,[10],0.11682915687561035,38.24967575073242,False,"17
"
669,669,random,1,669,[9],0.66080641746521,38.91048216819763,False,"102
"
670,670,random,1,670,[9],0.07709503173828125,38.98757719993591,False,"12
"
671,671,random,1,671,[9],0.13054776191711426,39.11812496185303,False,"20
"
672,672,random,1,672,[9],0.20939970016479492,39.32752466201782,False,"34
"
673,673,random,1,673,[8],0.20931005477905273,39.536834716796875,False,"34
"
674,674,random,1,674,[7],0.17713284492492676,39.7139675617218,False,"26
"
675,675,random,1,675,[6],0.15713071823120117,39.871098279953,False,"23
"
676,676,random,1,676,[5],0.03936195373535156,39.910460233688354,False,"6
"
677,677,random,1,677,[4],0.08011674880981445,39.99057698249817,False,"10
"
678,678,random,1,678,[6],0.3136279582977295,40.3042049407959,False,"45
"
679,679,random,1,679,[6],0.2087574005126953,40.512962341308594,False,"30
"
680,680,random,1,680,[6],0.3052980899810791,40.81826043128967,False,"48
"
681,681,random,1,681,[8],0.040045976638793945,40.85830640792847,False,"5
"
682,682,random,1,682,[5],0.23249149322509766,41.090797901153564,False,"35
"
683,683,random,1,683,[4],0.05313301086425781,41.14393091201782,False,"7
"
684,684,random,1,684,[7],0.06529736518859863,41.20922827720642,False,"10
"
685,685,random,1,685,[7],0.22780895233154297,41.437037229537964,False,"35
"
686,686,random,1,686,[9],0.08121633529663086,41.518253564834595,False,"11
"
687,687,random,1,687,[5],0.10680198669433594,41.62505555152893,False,"16
"
688,688,random,1,688,[5],0.05614018440246582,41.6811957359314,False,"8
"
689,689,random,1,689,[5],0.10493254661560059,41.786128282547,False,"15
"
690,690,random,1,690,[6],0.08651471138000488,41.872642993927,False,"13
"
691,691,random,1,691,[7],0.2080097198486328,42.080652713775635,False,"31
"
692,692,random,1,692,[4],0.058229923248291016,42.138882637023926,False,"9
"
693,693,random,1,693,[8],0.024604082107543945,42.16348671913147,False,"3
"
694,694,random,1,694,[9],0.06625103950500488,42.229737758636475,False,"9
"
695,695,random,1,695,[5],0.1820847988128662,42.41182255744934,False,"26
"
696,696,random,1,696,[10],0.17644524574279785,42.58826780319214,False,"25
"
697,697,random,1,697,[6],0.0757286548614502,42.66399645805359,False,"11
"
698,698,random,1,698,[6],0.3693408966064453,43.033337354660034,False,"54
"
699,699,random,1,699,[6],0.016773223876953125,43.05011057853699,False,"2
"
700,700,random,1,700,[4],0.14029431343078613,43.19040489196777,False,"20
"
701,701,random,1,701,[5],0.2752799987792969,43.46568489074707,False,"42
"
702,702,random,1,702,[7],0.05419039726257324,43.519875288009644,False,"8
"
703,703,random,1,703,[9],0.011258602142333984,43.53113389015198,False,"1
"
704,704,random,1,704,[7],0.24674201011657715,43.777875900268555,False,"39
"
705,705,random,1,705,[5],0.24455904960632324,44.02243494987488,False,"35
"
706,706,random,1,706,[5],0.46464991569519043,44.48708486557007,False,"71
"
707,707,random,1,707,[6],0.05099201202392578,44.538076877593994,False,"7
"
708,708,random,1,708,[6],0.3357870578765869,44.87386393547058,False,"47
"
709,709,random,1,709,[7],0.46358227729797363,45.337446212768555,False,"70
"
710,710,random,1,710,[9],0.11447882652282715,45.45192503929138,False,"18
"
711,711,random,1,711,[8],0.08188104629516602,45.53380608558655,False,"12
"
712,712,random,1,712,[8],0.03516435623168945,45.56897044181824,False,"5
"
713,713,random,1,713,[4],0.011137247085571289,45.58010768890381,False,"1
"
714,714,random,1,714,[8],0.6999926567077637,46.28010034561157,False,"103
"
715,715,random,1,715,[5],0.24696588516235352,46.527066230773926,False,"35
"
716,716,random,1,716,[6],0.15466713905334473,46.68173336982727,False,"22
"
717,717,random,1,717,[9],0.20254874229431152,46.88428211212158,False,"30
"
718,718,random,1,718,[2],0.1237480640411377,47.00803017616272,False,"17
"
719,719,random,1,719,[5],0.09219837188720703,47.10022854804993,False,"13
"
720,720,random,1,720,[6],0.06888461112976074,47.16911315917969,False,"10
"
721,721,random,1,721,[8],1.2771475315093994,48.44626069068909,False,"198
"
722,722,random,1,722,[8],0.07047080993652344,48.51673150062561,False,"10
"
723,723,random,1,723,[7],0.4434013366699219,48.96013283729553,False,"65
"
724,724,random,1,724,[3],0.03731656074523926,48.99744939804077,False,"5
"
725,725,random,1,725,[6],0.011616706848144531,49.009066104888916,False,"1
"
726,726,random,1,726,[5],0.06865239143371582,49.07771849632263,False,"10
"
727,727,random,1,727,[8],0.11200356483459473,49.18972206115723,False,"17
"
728,728,random,1,728,[3],0.035925865173339844,49.225647926330566,False,"5
"
729,729,random,1,729,[7],0.1435070037841797,49.369154930114746,False,"21
"
730,730,random,1,730,[5],0.07259440422058105,49.44174933433533,False,"9
"
731,731,random,1,731,[5],0.3079245090484619,49.74967384338379,False,"47
"
732,732,random,1,732,[7],0.23162174224853516,49.981295585632324,False,"34
"
733,733,random,1,733,[6],0.12936615943908691,50.11066174507141,False,"19
"
734,734,random,1,734,[9],0.42667102813720703,50.53733277320862,False,"63
"
735,735,random,1,735,[9],0.04199504852294922,50.57932782173157,False,"5
"
736,736,random,1,736,[7],0.08399486541748047,50.66332268714905,False,"13
"
737,737,random,1,737,[7],0.050406455993652344,50.7137291431427,False,"7
"
738,738,random,1,738,[7],0.5059621334075928,51.21969127655029,False,"76
"
739,739,random,1,739,[6],0.032607316970825195,51.25229859352112,False,"4
"
740,740,random,1,740,[9],0.08521413803100586,51.337512731552124,False,"12
"
741,741,random,1,741,[6],0.21938419342041016,51.556896924972534,False,"33
"
742,742,random,1,742,[6],0.28524255752563477,51.84213948249817,False,"42
"
743,743,random,1,743,[5],0.3400859832763672,52.182225465774536,False,"51
"
744,744,random,1,744,[2],0.08123898506164551,52.26346445083618,False,"11
"
745,745,random,1,745,[7],0.27299952507019043,52.53646397590637,False,"39
"
746,746,random,1,746,[9],0.03069448471069336,52.567158460617065,False,"4
"
747,747,random,1,747,[5],0.17162728309631348,52.73878574371338,False,"26
"
748,748,random,1,748,[8],0.07245349884033203,52.81123924255371,False,"10
"
749,749,random,1,749,[6],0.13803672790527344,52.949275970458984,False,"20
"
750,750,random,1,750,[9],0.027725934982299805,52.977001905441284,False,"3
"
751,751,random,1,751,[5],0.04876565933227539,53.02576756477356,False,"7
"
752,752,random,1,752,[5],0.6079959869384766,53.633763551712036,False,"90
"
753,753,random,1,753,[6],0.1516568660736084,53.785420417785645,False,"23
"
754,754,random,1,754,[6],0.11732769012451172,53.902748107910156,False,"17
"
755,755,random,1,755,[7],0.019222736358642578,53.9219708442688,False,"2
"
756,756,random,1,756,[6],0.16363286972045898,54.08560371398926,False,"23
"
757,757,random,1,757,[4],0.05414462089538574,54.139748334884644,False,"8
"
758,758,random,1,758,[5],0.36350393295288086,54.503252267837524,False,"53
"
759,759,random,1,759,[9],0.11032342910766602,54.61357569694519,False,"17
"
760,760,random,1,760,[6],0.06273841857910156,54.67631411552429,False,"9
"
761,761,random,1,761,[4],0.5117206573486328,55.188034772872925,False,"77
"
762,762,random,1,762,[6],0.12031054496765137,55.308345317840576,False,"18
"
763,763,random,1,763,[8],0.0482485294342041,55.35659384727478,False,"6
"
764,764,random,1,764,[5],0.3197791576385498,55.67637300491333,False,"49
"
765,765,random,1,765,[6],0.21442341804504395,55.890796422958374,False,"31
"
766,766,random,1,766,[7],0.6856765747070312,56.576472997665405,False,"103
"
767,767,random,1,767,[7],0.35274815559387207,56.92922115325928,False,"54
"
768,768,random,1,768,[8],0.13895440101623535,57.06817555427551,False,"20
"
769,769,random,1,769,[7],0.22479772567749023,57.292973279953,False,"32
"
770,770,random,1,770,[8],0.7521979808807373,58.04517126083374,False,"115
"
771,771,random,1,771,[9],0.025614023208618164,58.07078528404236,False,"3
"
772,772,random,1,772,[4],0.42882490158081055,58.49961018562317,False,"64
"
773,773,random,1,773,[5],0.24833297729492188,58.74794316291809,False,"38
"
774,774,random,1,774,[6],0.1538562774658203,58.90179944038391,False,"22
"
775,775,random,1,775,[5],0.11567878723144531,59.017478227615356,False,"17
"
776,776,random,1,776,[6],0.04049992561340332,59.05797815322876,False,"5
"
777,777,random,1,777,[3],0.28020763397216797,59.33818578720093,False,"42
"
778,778,random,1,778,[9],0.31559014320373535,59.65377593040466,False,"46
"
779,779,random,1,779,[5],0.2122490406036377,59.8660249710083,False,"30
"
780,780,random,1,780,[7],0.18027329444885254,60.04629826545715,False,"27
"
781,781,random,1,781,[7],0.6473698616027832,60.69366812705994,False,"95
"
782,782,random,1,782,[6],0.14551115036010742,60.839179277420044,False,"21
"
783,783,random,1,783,[6],0.328066349029541,61.167245626449585,False,"49
"
784,784,random,1,784,[8],0.05664563179016113,61.223891258239746,False,"7
"
785,785,random,1,785,[7],0.4689459800720215,61.69283723831177,False,"70
"
786,786,random,1,786,[9],0.6317839622497559,62.32462120056152,False,"93
"
787,787,random,1,787,[2],0.05603814125061035,62.380659341812134,False,"7
"
788,788,random,1,788,[6],0.49129462242126465,62.8719539642334,False,"76
"
789,789,random,1,789,[7],0.08931922912597656,62.961273193359375,False,"13
"
790,790,random,1,790,[7],0.16209912300109863,63.123372316360474,False,"23
"
791,791,random,1,791,[7],0.7499589920043945,63.87333130836487,False,"112
"
792,792,random,1,792,[7],0.10289788246154785,63.976229190826416,False,"15
"
793,793,random,1,793,[7],0.7884562015533447,64.76468539237976,False,"117
"
794,794,random,1,794,[7],0.09485030174255371,64.85953569412231,False,"14
"
795,795,random,1,795,[4],0.08915591239929199,64.9486916065216,False,"13
"
796,796,random,1,796,[6],0.09813499450683594,65.04682660102844,False,"15
"
797,797,random,1,797,[8],0.07431340217590332,65.12114000320435,False,"10
"
798,798,random,1,798,[6],0.4397885799407959,65.56092858314514,False,"66
"
799,799,random,1,799,[8],0.2900540828704834,65.85098266601562,False,"43
"
800,800,random,1,800,[7],0.2233572006225586,66.07433986663818,False,"34
"
801,801,random,1,801,[4],0.6509735584259033,66.72531342506409,False,"100
"
802,802,random,1,802,[7],0.06162667274475098,66.78694009780884,False,"9
"
803,803,random,1,803,[7],0.682227373123169,67.469167470932,False,"100
"
804,804,random,1,804,[3],0.24823737144470215,67.71740484237671,False,"36
"
805,805,random,1,805,[6],0.11747145652770996,67.83487629890442,False,"17
"
806,806,random,1,806,[9],0.11795401573181152,67.95283031463623,False,"18
"
807,807,random,1,807,[7],0.20391583442687988,68.15674614906311,False,"29
"
808,808,random,1,808,[4],0.10506677627563477,68.26181292533875,False,"15
"
809,809,random,1,809,[6],0.06983757019042969,68.33165049552917,False,"9
"
810,810,random,1,810,[4],0.5012099742889404,68.83286046981812,False,"76
"
811,811,random,1,811,[7],0.13601922988891602,68.96887969970703,False,"19
"
812,812,random,1,812,[4],0.1912386417388916,69.16011834144592,False,"28
"
813,813,random,1,813,[9],0.04843711853027344,69.2085554599762,False,"6
"
814,814,random,1,814,[6],0.22809791564941406,69.43665337562561,False,"33
"
815,815,random,1,815,[5],0.16977405548095703,69.60642743110657,False,"26
"
816,816,random,1,816,[8],0.488269567489624,70.09469699859619,False,"70
"
817,817,random,1,817,[7],0.019414424896240234,70.11411142349243,False,"2
"
818,818,random,1,818,[8],0.1239461898803711,70.2380576133728,False,"19
"
819,819,random,1,819,[5],0.32085728645324707,70.55891489982605,False,"50
"
820,820,random,1,820,[6],1.0847256183624268,71.64364051818848,False,"163
"
821,821,random,1,821,[8],0.4489617347717285,72.0926022529602,False,"64
"
822,822,random,1,822,[3],0.23191094398498535,72.32451319694519,False,"32
"
823,823,random,1,823,[8],1.23921537399292,73.56372857093811,False,"189
"
824,824,random,1,824,[6],0.9181373119354248,74.48186588287354,False,"134
"
825,825,random,1,825,[8],0.3031802177429199,74.78504610061646,False,"44
"
826,826,random,1,826,[4],0.25409626960754395,75.039142370224,False,"36
"
827,827,random,1,827,[5],0.13146162033081055,75.17060399055481,False,"20
"
828,828,random,1,828,[3],0.1084737777709961,75.2790777683258,False,"14
"
829,829,random,1,829,[2],0.0784764289855957,75.3575541973114,False,"11
"
830,830,random,1,830,[7],0.18334269523620605,75.54089689254761,False,"25
"
831,831,random,1,831,[6],0.06814241409301758,75.60903930664062,False,"10
"
832,832,random,1,832,[4],0.08642029762268066,75.6954596042633,False,"11
"
833,833,random,1,833,[5],0.2292613983154297,75.92472100257874,False,"34
"
834,834,random,1,834,[4],0.07730460166931152,76.00202560424805,False,"12
"
835,835,random,1,835,[8],0.04439187049865723,76.0464174747467,False,"6
"
836,836,random,1,836,[3],0.2790553569793701,76.32547283172607,False,"41
"
837,837,random,1,837,[4],0.04264688491821289,76.36811971664429,False,"5
"
838,838,random,1,838,[7],0.35967445373535156,76.72779417037964,False,"56
"
839,839,random,1,839,[8],0.27005577087402344,76.99784994125366,False,"40
"
840,840,random,1,840,[5],0.17366981506347656,77.17151975631714,False,"26
"
841,841,random,1,841,[5],1.026216983795166,78.1977367401123,False,"153
"
842,842,random,1,842,[7],0.10998225212097168,78.30771899223328,False,"15
"
843,843,random,1,843,[4],0.023258447647094727,78.33097743988037,False,"3
"
844,844,random,1,844,[4],0.033745765686035156,78.3647232055664,False,"4
"
845,845,random,1,845,[7],0.03832292556762695,78.40304613113403,False,"5
"
846,846,random,1,846,[8],0.2260136604309082,78.62905979156494,False,"33
"
847,847,random,1,847,[5],0.32177281379699707,78.95083260536194,False,"48
"
848,848,random,1,848,[7],0.07691454887390137,79.02774715423584,False,"10
"
849,849,random,1,849,[6],0.33208513259887695,79.35983228683472,False,"48
"
850,850,random,1,850,[6],0.2320723533630371,79.59190464019775,False,"34
"
851,851,random,1,851,[4],0.2558901309967041,79.84779477119446,False,"38
"
852,852,random,1,852,[6],0.21443843841552734,80.06223320960999,False,"31
"
853,853,random,1,853,[9],0.24761080741882324,80.30984401702881,False,"36
"
854,854,random,1,854,[6],0.387784481048584,80.69762849807739,False,"57
"
855,855,random,1,855,[5],0.954139232635498,81.65176773071289,False,"140
"
856,856,random,1,856,[6],0.3951289653778076,82.0468966960907,False,"62
"
857,857,random,1,857,[5],0.30632543563842773,82.35322213172913,False,"44
"
858,858,random,1,858,[6],0.8330845832824707,83.1863067150116,False,"122
"
859,859,random,1,859,[7],0.7723698616027832,83.95867657661438,False,"119
"
860,860,random,1,860,[7],0.5106263160705566,84.46930289268494,False,"78
"
861,861,random,1,861,[4],0.4271354675292969,84.89643836021423,False,"62
"
862,862,random,1,862,[8],1.85585355758667,86.7522919178009,False,"275
"
863,863,random,1,863,[7],0.5267748832702637,87.27906680107117,False,"74
"
864,864,random,1,864,[8],0.01258540153503418,87.2916522026062,False,"1
"
865,865,random,1,865,[6],0.24769377708435059,87.53934597969055,False,"35
"
866,866,random,1,866,[7],2.277301549911499,89.81664752960205,False,"341
"
867,867,random,1,867,[3],0.024387121200561523,89.84103465080261,False,"3
"
868,868,random,1,868,[6],0.17276573181152344,90.01380038261414,False,"23
"
869,869,random,1,869,[7],2.5340287685394287,92.54782915115356,False,"383
"
870,870,random,1,870,[6],0.04705047607421875,92.59487962722778,False,"6
"
871,871,random,1,871,[3],0.15994906425476074,92.75482869148254,False,"22
"
872,872,random,1,872,[8],0.07614493370056152,92.8309736251831,False,"11
"
873,873,random,1,873,[9],1.1594085693359375,93.99038219451904,False,"176
"
874,874,random,1,874,[7],0.614311695098877,94.60469388961792,False,"88
"
875,875,random,1,875,[5],0.18906736373901367,94.79376125335693,False,"28
"
876,876,random,1,876,[7],0.1128244400024414,94.90658569335938,False,"16
"
877,877,random,1,877,[6],0.9525601863861084,95.85914587974548,False,"138
"
878,878,random,1,878,[9],0.31159543991088867,96.17074131965637,False,"43
"
879,879,random,1,879,[6],0.19670557975769043,96.36744689941406,False,"30
"
880,880,random,1,880,[7],1.1099052429199219,97.47735214233398,False,"166
"
881,881,random,1,881,[6],0.012734174728393555,97.49008631706238,False,"1
"
882,882,random,1,882,[7],0.6310982704162598,98.12118458747864,False,"95
"
883,883,random,1,883,[8],0.21610784530639648,98.33729243278503,False,"32
"
884,884,random,1,884,[6],0.14977145195007324,98.48706388473511,False,"23
"
885,885,random,1,885,[4],0.13694334030151367,98.62400722503662,False,"21
"
886,886,random,1,886,[6],1.926518440246582,100.5505256652832,False,"284
"
887,887,random,1,887,[7],0.11746788024902344,100.66799354553223,False,"17
"
888,888,random,1,888,[4],1.161942720413208,101.82993626594543,False,"175
"
889,889,random,1,889,[8],1.2785797119140625,103.1085159778595,False,"192
"
890,890,random,1,890,[9],1.7567768096923828,104.86529278755188,False,"261
"
891,891,random,1,891,[6],0.09671902656555176,104.96201181411743,False,"13
"
892,892,random,1,892,[6],0.35555243492126465,105.3175642490387,False,"53
"
893,893,random,1,893,[7],0.1784212589263916,105.49598550796509,False,"27
"
894,894,random,1,894,[4],0.01950669288635254,105.51549220085144,False,"2
"
895,895,random,1,895,[7],0.026363611221313477,105.54185581207275,False,"3
"
896,896,random,1,896,[4],0.4714686870574951,106.01332449913025,False,"70
"
897,897,random,1,897,[6],0.2711343765258789,106.28445887565613,False,"40
"
898,898,random,1,898,[4],0.7706406116485596,107.05509948730469,False,"117
"
899,899,random,1,899,[9],0.26439332962036133,107.31949281692505,False,"39
"
900,900,random,1,900,[5],0.18964099884033203,107.50913381576538,False,"29
"
901,901,random,1,901,[8],0.012909650802612305,107.522043466568,False,"1
"
902,902,random,1,902,[4],0.4775698184967041,107.9996132850647,False,"74
"
903,903,random,1,903,[5],1.0376827716827393,109.03729605674744,False,"155
"
904,904,random,1,904,[7],0.2285006046295166,109.26579666137695,False,"33
"
905,905,random,1,905,[8],1.7054870128631592,110.97128367424011,False,"259
"
906,906,random,1,906,[8],0.3879086971282959,111.35919237136841,False,"58
"
907,907,random,1,907,[9],0.45421290397644043,111.81340527534485,False,"68
"
908,908,random,1,908,[6],0.06596231460571289,111.87936758995056,False,"9
"
909,909,random,1,909,[2],0.31696081161499023,112.19632840156555,False,"48
"
910,910,random,1,910,[6],0.1579761505126953,112.35430455207825,False,"23
"
911,911,random,1,911,[7],0.14124679565429688,112.49555134773254,False,"20
"
912,912,random,1,912,[5],0.7236814498901367,113.21923279762268,False,"107
"
913,913,random,1,913,[6],0.20857477188110352,113.42780756950378,False,"30
"
914,914,random,1,914,[7],0.041290283203125,113.46909785270691,False,"5
"
915,915,random,1,915,[8],0.054819583892822266,113.52391743659973,False,"8
"
916,916,random,1,916,[6],0.17580771446228027,113.69972515106201,False,"27
"
917,917,random,1,917,[7],2.879930019378662,116.57965517044067,False,"424
"
918,918,random,1,918,[9],0.2045881748199463,116.78424334526062,False,"29
"
919,919,random,1,919,[5],0.36638379096984863,117.15062713623047,False,"54
"
920,920,random,1,920,[8],0.08862757682800293,117.23925471305847,False,"13
"
921,921,random,1,921,[6],0.714836835861206,117.95409154891968,False,"104
"
922,922,random,1,922,[5],1.5990326404571533,119.55312418937683,False,"246
"
923,923,random,1,923,[7],0.9176549911499023,120.47077918052673,False,"135
"
924,924,random,1,924,[7],0.4682586193084717,120.9390377998352,False,"69
"
925,925,random,1,925,[5],1.5105652809143066,122.44960308074951,False,"229
"
926,926,random,1,926,[7],1.3699405193328857,123.8195436000824,False,"200
"
927,927,random,1,927,[9],0.5851404666900635,124.40468406677246,False,"87
"
928,928,random,1,928,[6],0.12396621704101562,124.52865028381348,False,"19
"
929,929,random,1,929,[6],0.6964421272277832,125.22509241104126,False,"104
"
930,930,random,1,930,[6],0.46741390228271484,125.69250631332397,False,"72
"
931,931,random,1,931,[8],0.8763439655303955,126.56885027885437,False,"131
"
932,932,random,1,932,[7],0.3028252124786377,126.87167549133301,False,"46
"
933,933,random,1,933,[6],0.1518404483795166,127.02351593971252,False,"21
"
934,934,random,1,934,[6],0.9907174110412598,128.01423335075378,False,"149
"
935,935,random,1,935,[5],0.49341416358947754,128.50764751434326,False,"76
"
936,936,random,1,936,[5],0.1273059844970703,128.63495349884033,False,"18
"
937,937,random,1,937,[6],0.1741952896118164,128.80914878845215,False,"26
"
938,938,random,1,938,[5],0.2764873504638672,129.08563613891602,False,"38
"
939,939,random,1,939,[6],0.9916682243347168,130.07730436325073,False,"146
"
940,940,random,1,940,[5],0.8122026920318604,130.8895070552826,False,"123
"
941,941,random,1,941,[3],0.0723886489868164,130.9618957042694,False,"9
"
942,942,random,1,942,[7],0.5829832553863525,131.54487895965576,False,"89
"
943,943,random,1,943,[5],0.01898360252380371,131.56386256217957,False,"2
"
944,944,random,1,944,[4],0.15320825576782227,131.7170708179474,False,"21
"
945,945,random,1,945,[5],1.0130772590637207,132.7301480770111,False,"149
"
946,946,random,1,946,[9],0.32728123664855957,133.05742931365967,False,"50
"
947,947,random,1,947,[7],0.6275544166564941,133.68498373031616,False,"93
"
948,948,random,1,948,[7],0.6873483657836914,134.37233209609985,False,"102
"
949,949,random,1,949,[7],1.3450615406036377,135.7173936367035,False,"201
"
950,950,random,1,950,[4],1.0181822776794434,136.73557591438293,False,"150
"
951,951,random,1,951,[8],0.3694021701812744,137.1049780845642,False,"55
"
952,952,random,1,952,[4],0.26836180686950684,137.37333989143372,False,"36
"
953,953,random,1,953,[7],0.48683595657348633,137.8601758480072,False,"68
"
954,954,random,1,954,[6],0.7244839668273926,138.5846598148346,False,"107
"
955,955,random,1,955,[6],0.46088600158691406,139.0455458164215,False,"69
"
956,956,random,1,956,[7],0.8912985324859619,139.93684434890747,False,"136
"
957,957,random,1,957,[7],0.6213908195495605,140.55823516845703,False,"90
"
958,958,random,1,958,[8],0.6768009662628174,141.23503613471985,False,"99
"
959,959,random,1,959,[6],0.952587366104126,142.18762350082397,False,"139
"
960,960,random,1,960,[4],0.3033182621002197,142.4909417629242,False,"44
"
961,961,random,1,961,[7],0.37856173515319824,142.8695034980774,False,"58
"
962,962,random,1,962,[9],0.03544902801513672,142.90495252609253,False,"5
"
963,963,random,1,963,[6],0.029030323028564453,142.9339828491211,False,"3
"
964,964,random,1,964,[4],0.7807114124298096,143.7146942615509,False,"117
"
965,965,random,1,965,[4],0.8724575042724609,144.58715176582336,False,"130
"
966,966,random,1,966,[7],0.9673717021942139,145.55452346801758,False,"141
"
967,967,random,1,967,[7],0.8704345226287842,146.42495799064636,False,"133
"
968,968,random,1,968,[8],0.3570854663848877,146.78204345703125,False,"53
"
969,969,random,1,969,[8],0.4861478805541992,147.26819133758545,False,"72
"
970,970,random,1,970,[5],0.9968669414520264,148.26505827903748,False,"143
"
971,971,random,1,971,[6],0.32448625564575195,148.58954453468323,False,"47
"
972,972,random,1,972,[9],0.6030075550079346,149.19255208969116,False,"88
"
973,973,random,1,973,[5],0.40051937103271484,149.59307146072388,False,"56
"
974,974,random,1,974,[7],0.5867133140563965,150.17978477478027,False,"89
"
975,975,random,1,975,[5],3.236323356628418,153.4161081314087,False,"480
"
976,976,random,1,976,[9],2.152216911315918,155.5683250427246,False,"324
"
977,977,random,1,977,[3],1.1007037162780762,156.66902875900269,False,"167
"
978,978,random,1,978,[8],0.5477015972137451,157.21673035621643,False,"82
"
979,979,random,1,979,[8],0.4600951671600342,157.67682552337646,False,"65
"
980,980,random,1,980,[7],0.8468031883239746,158.52362871170044,False,"123
"
981,981,random,1,981,[6],0.5829849243164062,159.10661363601685,False,"87
"
982,982,random,1,982,[6],2.1886801719665527,161.2952938079834,False,"328
"
983,983,random,1,983,[4],0.44806981086730957,161.7433636188507,False,"67
"
984,984,random,1,984,[8],0.8845362663269043,162.6278998851776,False,"131
"
985,985,random,1,985,[5],0.22116661071777344,162.84906649589539,False,"30
"
986,986,random,1,986,[6],0.2573411464691162,163.1064076423645,False,"37
"
987,987,random,1,987,[4],0.9080014228820801,164.01440906524658,False,"136
"
988,988,random,1,988,[6],0.2181546688079834,164.23256373405457,False,"30
"
989,989,random,1,989,[9],0.6647758483886719,164.89733958244324,False,"96
"
990,990,random,1,990,[7],0.06738972663879395,164.96472930908203,False,"9
"
991,991,random,1,991,[7],0.1901075839996338,165.15483689308167,False,"28
"
992,992,random,1,992,[5],0.6150650978088379,165.7699019908905,False,"91
"
993,993,random,1,993,[7],0.04998278617858887,165.8198847770691,False,"6
"
994,994,random,1,994,[6],0.38010287284851074,166.1999876499176,False,"58
"
995,995,random,1,995,[2],0.328991174697876,166.52897882461548,False,"47
"
996,996,random,1,996,[6],1.0797109603881836,167.60868978500366,False,"161
"
997,997,random,1,997,[8],1.2347333431243896,168.84342312812805,False,"178
"
998,998,random,1,998,[6],0.6661865711212158,169.50960969924927,False,"99
"
999,999,random,1,999,[2],1.6798062324523926,171.18941593170166,False,"256
"
1000,1000,random,1,1000,[4],0.2948160171508789,171.48423194885254,False,"42
"
1001,1001,random,1,1001,[7],1.575697422027588,173.05992937088013,False,"231
"
1002,1002,random,1,1002,[8],0.22606301307678223,173.2859923839569,False,"32
"
1003,1003,random,1,1003,[5],0.8679406642913818,174.1539330482483,False,"124
"
1004,1004,random,1,1004,[7],1.273451566696167,175.42738461494446,False,"188
"
1005,1005,random,1,1005,[7],0.3415544033050537,175.7689390182495,False,"50
"
1006,1006,random,1,1006,[7],0.14301753044128418,175.9119565486908,False,"21
"
1007,1007,random,1,1007,[7],0.3914365768432617,176.30339312553406,False,"59
"
1008,1008,random,1,1008,[6],0.2938270568847656,176.59722018241882,False,"44
"
1009,1009,random,1,1009,[5],0.5184037685394287,177.11562395095825,False,"78
"
1010,1010,random,1,1010,[5],0.06070566177368164,177.17632961273193,False,"8
"
1011,1011,random,1,1011,[6],1.8474342823028564,179.0237638950348,False,"276
"
1012,1012,random,1,1012,[7],0.2437422275543213,179.2675061225891,False,"35
"
1013,1013,random,1,1013,[3],1.3265373706817627,180.59404349327087,False,"203
"
1014,1014,random,1,1014,[5],0.5154891014099121,181.1095325946808,False,"75
"
1015,1015,random,1,1015,[8],0.1517632007598877,181.26129579544067,False,"20
"
1016,1016,random,1,1016,[8],1.576911449432373,182.83820724487305,False,"230
"
1017,1017,random,1,1017,[8],0.8284618854522705,183.66666913032532,False,"123
"
1018,1018,random,1,1018,[5],1.0611188411712646,184.72778797149658,False,"158
"
1019,1019,random,1,1019,[6],1.2594318389892578,185.98721981048584,False,"189
"
1020,1020,random,1,1020,[7],0.11262130737304688,186.0998411178589,False,"17
"
1021,1021,random,1,1021,[6],0.1816418170928955,186.28148293495178,False,"25
"
1022,1022,random,1,1022,[4],0.02726912498474121,186.30875205993652,False,"3
"
1023,1023,random,1,1023,[4],0.30024051666259766,186.60899257659912,False,"44
"
1024,1024,random,1,1024,[6],1.0435147285461426,187.65250730514526,False,"153
"
1025,1025,random,1,1025,[6],1.569756031036377,189.22226333618164,False,"233
"
1026,1026,random,1,1026,[3],0.38237810134887695,189.60464143753052,False,"57
"
1027,1027,random,1,1027,[6],2.144829034805298,191.74947047233582,False,"320
"
1028,1028,random,1,1028,[8],0.7356128692626953,192.4850833415985,False,"109
"
1029,1029,random,1,1029,[6],2.3428924083709717,194.82797574996948,False,"349
"
1030,1030,random,1,1030,[8],3.4163026809692383,198.24427843093872,False,"513
"
1031,1031,random,1,1031,[5],0.4962496757507324,198.74052810668945,False,"74
"
1032,1032,random,1,1032,[8],0.5241961479187012,199.26472425460815,False,"77
"
1033,1033,random,1,1033,[4],1.93137788772583,201.19610214233398,False,"286
"
1034,1034,random,1,1034,[5],0.7655220031738281,201.9616241455078,False,"112
"
1035,1035,random,1,1035,[7],1.4578399658203125,203.41946411132812,False,"222
"
1036,1036,random,1,1036,[3],0.04743242263793945,203.46689653396606,False,"6
"
1037,1037,random,1,1037,[8],1.0808236598968506,204.54772019386292,False,"167
"
1038,1038,random,1,1038,[2],0.49256134033203125,205.04028153419495,False,"69
"
1039,1039,random,1,1039,[8],0.46684885025024414,205.5071303844452,False,"65
"
1040,1040,random,1,1040,[7],0.1218874454498291,205.62901782989502,False,"17
"
1041,1041,random,1,1041,[5],0.42586588859558105,206.0548837184906,False,"63
"
1042,1042,random,1,1042,[7],0.21482419967651367,206.26970791816711,False,"28
"
1043,1043,random,1,1043,[4],1.285975456237793,207.5556833744049,False,"197
"
1044,1044,random,1,1044,[8],0.7186698913574219,208.27435326576233,False,"107
"
1045,1045,random,1,1045,[6],0.9788689613342285,209.25322222709656,False,"146
"
1046,1046,random,1,1046,[6],1.897404432296753,211.1506266593933,False,"278
"
1047,1047,random,1,1047,[4],1.8018684387207031,212.952495098114,False,"257
"
1048,1048,random,1,1048,[1],0.5060503482818604,213.45854544639587,False,"74
"
1049,1049,random,1,1049,[5],0.4079127311706543,213.86645817756653,False,"60
"
1050,1050,random,1,1050,[5],0.43156862258911133,214.29802680015564,False,"60
"
1051,1051,random,1,1051,[5],0.8595209121704102,215.15754771232605,False,"135
"
1052,1052,random,1,1052,[6],0.3675379753112793,215.52508568763733,False,"88
"
1053,1053,random,1,1053,[5],0.6314535140991211,216.15653920173645,False,"151
"
1054,1054,random,1,1054,[7],0.20159196853637695,216.35813117027283,False,"46
"
1055,1055,random,1,1055,[7],0.13173627853393555,216.48986744880676,False,"32
"
1056,1056,random,1,1056,[6],0.5000598430633545,216.98992729187012,False,"117
"
1057,1057,random,1,1057,[6],1.9775242805480957,218.9674515724182,False,"472
"
1058,1058,random,1,1058,[8],0.026302576065063477,218.99375414848328,False,"5
"
1059,1059,random,1,1059,[8],1.0511348247528076,220.04488897323608,False,"251
"
1060,1060,random,1,1060,[5],1.608391523361206,221.6532804965973,False,"384
"
1061,1061,random,1,1061,[7],0.34014010429382324,221.9934206008911,False,"81
"
1062,1062,random,1,1062,[6],1.0191833972930908,223.0126039981842,False,"241
"
1063,1063,random,1,1063,[6],0.37415313720703125,223.38675713539124,False,"90
"
1064,1064,random,1,1064,[6],0.412581205368042,223.79933834075928,False,"100
"
1065,1065,random,1,1065,[4],0.34020400047302246,224.1395423412323,False,"81
"
1066,1066,random,1,1066,[4],0.8865985870361328,225.02614092826843,False,"212
"
1067,1067,random,1,1067,[4],0.42906737327575684,225.4552083015442,False,"105
"
1068,1068,random,1,1068,[7],0.7455289363861084,226.2007372379303,False,"178
"
1069,1069,random,1,1069,[7],1.188000202178955,227.38873744010925,False,"283
"
1070,1070,random,1,1070,[6],0.3235595226287842,227.71229696273804,False,"77
"
1071,1071,random,1,1071,[5],0.16613101959228516,227.87842798233032,False,"39
"
1072,1072,random,1,1072,[4],0.7068727016448975,228.58530068397522,False,"167
"
1073,1073,random,1,1073,[6],2.4347400665283203,231.02004075050354,False,"584
"
1074,1074,random,1,1074,[7],0.6422104835510254,231.66225123405457,False,"151
"
1075,1075,random,1,1075,[6],1.1936419010162354,232.8558931350708,False,"281
"
1076,1076,random,1,1076,[6],0.5425362586975098,233.3984293937683,False,"127
"
1077,1077,random,1,1077,[5],0.1136159896850586,233.51204538345337,False,"27
"
1078,1078,random,1,1078,[8],0.13959431648254395,233.6516396999359,False,"32
"
1079,1079,random,1,1079,[5],2.342189073562622,235.99382877349854,False,"557
"
1080,1080,random,1,1080,[7],0.13140034675598145,236.12522912025452,False,"30
"
1081,1081,random,1,1081,[3],2.7276926040649414,238.85292172431946,False,"646
"
1082,1082,random,1,1082,[8],5.314671277999878,244.16759300231934,False,"1265
"
1083,1083,random,1,1083,[6],0.4588479995727539,244.6264410018921,False,"108
"
1084,1084,random,1,1084,[6],1.142486572265625,245.76892757415771,False,"275
"
1085,1085,random,1,1085,[6],0.20265936851501465,245.97158694267273,False,"48
"
1086,1086,random,1,1086,[5],0.07047176361083984,246.04205870628357,False,"16
"
1087,1087,random,1,1087,[6],0.7537245750427246,246.7957832813263,False,"183
"
1088,1088,random,1,1088,[8],1.6186742782592773,248.41445755958557,False,"390
"
1089,1089,random,1,1089,[6],0.9892418384552002,249.40369939804077,False,"243
"
1090,1090,random,1,1090,[8],1.267704725265503,250.67140412330627,False,"301
"
1091,1091,random,1,1091,[7],0.8036494255065918,251.47505354881287,False,"192
"
1092,1092,random,1,1092,[5],1.090543508529663,252.56559705734253,False,"267
"
1093,1093,random,1,1093,[4],1.0418541431427002,253.60745120048523,False,"242
"
1094,1094,random,1,1094,[4],0.519559383392334,254.12701058387756,False,"122
"
1095,1095,random,1,1095,[6],0.5875566005706787,254.71456718444824,False,"138
"
1096,1096,random,1,1096,[7],1.4336590766906738,256.1482262611389,False,"348
"
1097,1097,random,1,1097,[7],0.5620937347412109,256.7103199958801,False,"134
"
1098,1098,random,1,1098,[6],0.08907866477966309,256.7993986606598,False,"20
"
1099,1099,random,1,1099,[7],0.4196796417236328,257.2190783023834,False,"102
"
1100,1100,random,1,1100,[7],0.28328490257263184,257.50236320495605,False,"68
"
1101,1101,random,1,1101,[7],0.6511728763580322,258.1535360813141,False,"159
"
1102,1102,random,1,1102,[5],0.9749913215637207,259.1285274028778,False,"230
"
1103,1103,random,1,1103,[6],0.4928863048553467,259.62141370773315,False,"115
"
1104,1104,random,1,1104,[7],0.3962082862854004,260.01762199401855,False,"97
"
1105,1105,random,1,1105,[8],0.6500184535980225,260.6676404476166,False,"158
"
1106,1106,random,1,1106,[7],0.2947101593017578,260.96235060691833,False,"71
"
1107,1107,random,1,1107,[7],0.07009458541870117,261.03244519233704,False,"16
"
1108,1108,random,1,1108,[3],0.09552383422851562,261.12796902656555,False,"23
"
1109,1109,random,1,1109,[3],0.7845058441162109,261.91247487068176,False,"189
"
1110,1110,random,1,1110,[7],2.151538133621216,264.064013004303,False,"511
"
1111,1111,random,1,1111,[6],0.34110522270202637,264.405118227005,False,"78
"
1112,1112,random,1,1112,[5],1.3084204196929932,265.713538646698,False,"317
"
1113,1113,random,1,1113,[8],0.7994461059570312,266.51298475265503,False,"191
"
1114,1114,random,1,1114,[8],2.2664942741394043,268.77947902679443,False,"549
"
1115,1115,random,1,1115,[3],0.10164499282836914,268.8811240196228,False,"23
"
1116,1116,random,1,1116,[8],1.8402891159057617,270.72141313552856,False,"447
"
1117,1117,random,1,1117,[3],1.5681967735290527,272.2896099090576,False,"376
"
1118,1118,random,1,1118,[5],1.0521140098571777,273.3417239189148,False,"253
"
1119,1119,random,1,1119,[5],1.025545358657837,274.36726927757263,False,"259
"
1120,1120,random,1,1120,[5],5.069429636001587,279.4366989135742,False,"1335
"
1121,1121,random,1,1121,[2],0.9897398948669434,280.42643880844116,False,"262
"
1122,1122,random,1,1122,[4],0.34356236457824707,280.7700011730194,False,"89
"
1123,1123,random,1,1123,[7],2.7118546962738037,283.4818558692932,False,"721
"
1124,1124,random,1,1124,[4],1.573049783706665,285.0549056529999,False,"422
"
1125,1125,random,1,1125,[7],1.225147008895874,286.28005266189575,False,"322
"
1126,1126,random,1,1126,[6],0.011523723602294922,286.29157638549805,False,"2
"
1127,1127,random,1,1127,[7],0.5810229778289795,286.872599363327,False,"152
"
1128,1128,random,1,1128,[5],1.7003605365753174,288.57295989990234,False,"442
"
1129,1129,random,1,1129,[6],1.3262269496917725,289.8991868495941,False,"357
"
1130,1130,random,1,1130,[7],0.4075140953063965,290.3067009449005,False,"107
"
1131,1131,random,1,1131,[7],1.172555923461914,291.4792568683624,False,"309
"
1132,1132,random,1,1132,[7],2.8371994495391846,294.3164563179016,False,"745
"
1133,1133,random,1,1133,[5],0.02164435386657715,294.3381006717682,False,"4
"
1134,1134,random,1,1134,[6],3.6523046493530273,297.9904053211212,False,"962
"
1135,1135,random,1,1135,[8],1.4394340515136719,299.4298393726349,False,"375
"
1136,1136,random,1,1136,[6],1.1965711116790771,300.62641048431396,False,"308
"
1137,1137,random,1,1137,[7],0.11782002449035645,300.7442305088043,False,"31
"
1138,1138,random,1,1138,[6],1.5760548114776611,302.320285320282,False,"419
"
1139,1139,random,1,1139,[4],2.2529683113098145,304.5732536315918,False,"586
"
1140,1140,random,1,1140,[2],0.12693428993225098,304.70018792152405,False,"30
"
1141,1141,random,1,1141,[6],0.2656121253967285,304.9658000469208,False,"69
"
1142,1142,random,1,1142,[3],1.7984516620635986,306.7642517089844,False,"476
"
1143,1143,random,1,1143,[8],2.1569886207580566,308.92124032974243,False,"566
"
1144,1144,random,1,1144,[9],0.7084705829620361,309.62971091270447,False,"192
"
1145,1145,random,1,1145,[5],1.948760986328125,311.5784718990326,False,"517
"
1146,1146,random,1,1146,[4],0.04935503005981445,311.6278269290924,False,"11
"
1147,1147,random,1,1147,[6],3.150916337966919,314.7787432670593,False,"836
"
1148,1148,random,1,1148,[6],1.380662441253662,316.159405708313,False,"361
"
1149,1149,random,1,1149,[6],0.5342552661895752,316.69366097450256,False,"143
"
1150,1150,random,1,1150,[7],2.842806816101074,319.53646779060364,False,"746
"
1151,1151,random,1,1151,[7],1.2850427627563477,320.82151055336,False,"343
"
1152,1152,random,1,1152,[7],2.6830191612243652,323.50452971458435,False,"712
"
1153,1153,random,1,1153,[3],0.8690507411956787,324.37358045578003,False,"226
"
1154,1154,random,1,1154,[6],1.1709518432617188,325.54453229904175,False,"303
"
1155,1155,random,1,1155,[1],2.6785218715667725,328.2230541706085,False,"707
"
1156,1156,random,1,1156,[4],0.5027978420257568,328.7258520126343,False,"132
"
1157,1157,random,1,1157,[6],1.6505389213562012,330.3763909339905,False,"438
"
1158,1158,random,1,1158,[6],2.7633206844329834,333.13971161842346,False,"731
"
1159,1159,random,1,1159,[4],1.1593763828277588,334.2990880012512,False,"301
"
1160,1160,random,1,1160,[8],1.1142022609710693,335.4132902622223,False,"288
"
1161,1161,random,1,1161,[6],1.3876333236694336,336.8009235858917,False,"362
"
1162,1162,random,1,1162,[6],0.18985652923583984,336.99078011512756,False,"48
"
1163,1163,random,1,1163,[6],0.09045267105102539,337.0812327861786,False,"24
"
1164,1164,random,1,1164,[3],0.3142256736755371,337.3954584598541,False,"79
"
1165,1165,random,1,1165,[5],0.36302733421325684,337.7584857940674,False,"93
"
1166,1166,random,1,1166,[6],1.0669496059417725,338.82543540000916,False,"283
"
1167,1167,random,1,1167,[6],3.845851182937622,342.6712865829468,False,"1024
"
1168,1168,random,1,1168,[2],0.10023045539855957,342.77151703834534,False,"26
"
1169,1169,random,1,1169,[3],1.0721244812011719,343.8436415195465,False,"282
"
1170,1170,random,1,1170,[6],0.784536600112915,344.6281781196594,False,"204
"
1171,1171,random,1,1171,[5],0.22384119033813477,344.85201930999756,False,"59
"
1172,1172,random,1,1172,[6],0.6246209144592285,345.4766402244568,False,"160
"
1173,1173,random,1,1173,[4],1.8892459869384766,347.36588621139526,False,"497
"
1174,1174,random,1,1174,[6],1.0413358211517334,348.407222032547,False,"273
"
1175,1175,random,1,1175,[7],0.05215334892272949,348.4593753814697,False,"13
"
1176,1176,random,1,1176,[5],1.267596960067749,349.7269723415375,False,"335
"
1177,1177,random,1,1177,[5],0.17351078987121582,349.9004831314087,False,"44
"
1178,1178,random,1,1178,[6],3.9968559741973877,353.8973391056061,False,"1060
"
1179,1179,random,1,1179,[6],9.663352012634277,363.56069111824036,False,"2557
"
1180,1180,random,1,1180,[2],1.4669485092163086,365.02763962745667,False,"389
"
1181,1181,random,1,1181,[4],0.5936887264251709,365.62132835388184,False,"153
"
1182,1182,random,1,1182,[6],3.0446250438690186,368.66595339775085,False,"793
"
1183,1183,random,1,1183,[4],3.615907669067383,372.28186106681824,False,"946
"
1184,1184,random,1,1184,[7],0.2484123706817627,372.5302734375,False,"65
"
1185,1185,random,1,1185,[6],0.2745387554168701,372.80481219291687,False,"68
"
1186,1186,random,1,1186,[7],4.435914993286133,377.240727186203,False,"1167
"
1187,1187,random,1,1187,[5],3.0343658924102783,380.2750930786133,False,"803
"
1188,1188,random,1,1188,[6],1.9522860050201416,382.2273790836334,False,"520
"
1189,1189,random,1,1189,[6],1.5552308559417725,383.7826099395752,False,"410
"
1190,1190,random,1,1190,[6],7.049275636672974,390.83188557624817,False,"1866
"
1191,1191,random,1,1191,[4],2.4415106773376465,393.2733962535858,False,"639
"
1192,1192,random,1,1192,[6],0.3971841335296631,393.6705803871155,False,"103
"
1193,1193,random,1,1193,[7],0.8844761848449707,394.55505657196045,False,"231
"
1194,1194,random,1,1194,[7],0.28832459449768066,394.84338116645813,False,"77
"
1195,1195,random,1,1195,[6],2.1591227054595947,397.0025038719177,False,"571
"
1196,1196,random,1,1196,[4],0.2120673656463623,397.2145712375641,False,"54
"
1197,1197,random,1,1197,[3],0.6106219291687012,397.8251931667328,False,"157
"
1198,1198,random,1,1198,[3],2.4802780151367188,400.3054711818695,False,"654
"
1199,1199,random,1,1199,[6],1.8205294609069824,402.1260006427765,False,"474
"
1200,1200,random,1,1200,[6],4.965270280838013,407.0912709236145,False,"1320
"
1201,1201,random,1,1201,[3],4.495173215866089,411.5864441394806,False,"1193
"
1202,1202,random,1,1202,[3],1.4864013195037842,413.0728454589844,False,"386
"
1203,1203,random,1,1203,[3],0.0944371223449707,413.16728258132935,False,"24
"
1204,1204,random,1,1204,[3],5.3751609325408936,418.54244351387024,False,"1415
"
1205,1205,random,1,1205,[6],0.8474640846252441,419.3899075984955,False,"224
"
1206,1206,random,1,1206,[6],2.7002627849578857,422.09017038345337,False,"712
"
1207,1207,random,1,1207,[7],5.5213868618011475,427.6115572452545,False,"1450
"
1208,1208,random,1,1208,[7],1.45334792137146,429.064905166626,False,"387
"
1209,1209,random,1,1209,[7],0.5237352848052979,429.5886404514313,False,"137
"
1210,1210,random,1,1210,[5],3.1018710136413574,432.69051146507263,False,"814
"
1211,1211,random,1,1211,[7],0.270538330078125,432.96104979515076,False,"73
"
1212,1212,random,1,1212,[6],0.23962759971618652,433.20067739486694,False,"64
"
1213,1213,random,1,1213,[7],2.550475597381592,435.75115299224854,False,"685
"
1214,1214,random,1,1214,[6],0.28981661796569824,436.04096961021423,False,"76
"
1215,1215,random,1,1215,[4],0.5081832408905029,436.54915285110474,False,"133
"
1216,1216,random,1,1216,[4],3.4545326232910156,440.00368547439575,False,"915
"
1217,1217,random,1,1217,[6],6.405330181121826,446.4090156555176,False,"1689
"
1218,1218,random,1,1218,[5],1.7681770324707031,448.1771926879883,False,"469
"
1219,1219,random,1,1219,[3],0.8128995895385742,448.99009227752686,False,"210
"
1220,1220,random,1,1220,[6],0.918940544128418,449.9090328216553,False,"248
"
1221,1221,random,1,1221,[5],2.0859344005584717,451.99496722221375,False,"562
"
1222,1222,random,1,1222,[3],2.301553964614868,454.2965211868286,False,"605
"
1223,1223,random,1,1223,[6],4.693390369415283,458.9899115562439,False,"1244
"
1224,1224,random,1,1224,[5],2.54561185836792,461.5355234146118,False,"677
"
1225,1225,random,1,1225,[7],1.5428004264831543,463.07832384109497,False,"414
"
1226,1226,random,1,1226,[4],7.1131813526153564,470.1915051937103,False,"1905
"
1227,1227,random,1,1227,[7],5.594184160232544,475.78568935394287,False,"1495
"
1228,1228,random,1,1228,[5],1.6023035049438477,477.3879928588867,False,"427
"
1229,1229,random,1,1229,[6],5.071533679962158,482.4595265388489,False,"1339
"
1230,1230,random,1,1230,[7],1.7005348205566406,484.1600613594055,False,"444
"
1231,1231,random,1,1231,[4],6.895970582962036,491.05603194236755,False,"1837
"
1232,1232,random,1,1232,[7],1.6364002227783203,492.6924321651459,False,"424
"
1233,1233,random,1,1233,[7],8.750875473022461,501.44330763816833,False,"2323
"
1234,1234,random,1,1234,[3],1.728663682937622,503.17197132110596,False,"451
"
1235,1235,random,1,1235,[6],0.9760079383850098,504.14797925949097,False,"258
"
1236,1236,random,1,1236,[6],10.394249200820923,514.5422284603119,False,"2870
"
1237,1237,random,1,1237,[3],9.29296612739563,523.8351945877075,False,"2645
"
1238,1238,random,1,1238,[7],6.576398134231567,530.4115927219391,False,"1890
"
1239,1239,random,1,1239,[7],1.7765977382659912,532.1881904602051,False,"518
"
1240,1240,random,1,1240,[4],2.9106976985931396,535.0988881587982,False,"830
"
1241,1241,random,1,1241,[5],1.885254144668579,536.9841423034668,False,"545
"
1242,1242,random,1,1242,[3],1.4710586071014404,538.4552009105682,False,"420
"
1243,1243,random,1,1243,[5],5.581098556518555,544.0362994670868,False,"1611
"
1244,1244,random,1,1244,[6],4.097882986068726,548.1341824531555,False,"1184
"
1245,1245,random,1,1245,[4],1.357607364654541,549.4917898178101,False,"391
"
1246,1246,random,1,1246,[7],2.98101806640625,552.4728078842163,False,"862
"
1247,1247,random,1,1247,[8],3.6825242042541504,556.1553320884705,False,"1059
"
1248,1248,random,1,1248,[2],0.17891764640808105,556.3342497348785,False,"52
"
1249,1249,random,1,1249,[7],1.8667469024658203,558.2009966373444,False,"536
"
1250,1250,random,1,1250,[6],2.151972532272339,560.3529691696167,False,"622
"
1251,1251,random,1,1251,[7],3.753920793533325,564.10688996315,False,"1073
"
1252,1252,random,1,1252,[6],1.856287956237793,565.9631779193878,False,"530
"
1253,1253,random,1,1253,[7],10.510209560394287,576.4733874797821,False,"3034
"
1254,1254,random,1,1254,[5],1.3090720176696777,577.7824594974518,False,"375
"
1255,1255,random,1,1255,[6],0.3651854991912842,578.1476449966431,False,"104
"
1256,1256,random,1,1256,[4],17.04276943206787,595.1904144287109,False,"4921
"
1257,1257,random,1,1257,[5],1.2490322589874268,596.4394466876984,False,"355
"
1258,1258,random,1,1258,[7],3.571335554122925,600.0107822418213,False,"1014
"
1259,1259,random,1,1259,[5],1.956974983215332,601.9677572250366,False,"576
"
1260,1260,random,1,1260,[7],0.9369199275970459,602.9046771526337,False,"272
"
1261,1261,random,1,1261,[6],3.5504114627838135,606.4550886154175,False,"1043
"
1262,1262,random,1,1262,[4],5.007187366485596,611.4622759819031,False,"1467
"
1263,1263,random,1,1263,[5],1.1199474334716797,612.5822234153748,False,"325
"
1264,1264,random,1,1264,[5],1.0700712203979492,613.6522946357727,False,"306
"
1265,1265,random,1,1265,[5],7.792747497558594,621.4450421333313,False,"2264
"
1266,1266,random,1,1266,[6],3.55855655670166,625.003598690033,False,"1019
"
1267,1267,random,1,1267,[5],5.343301057815552,630.3468997478485,False,"1556
"
1268,1268,random,1,1268,[5],8.602890253067017,638.9497900009155,False,"2516
"
1269,1269,random,1,1269,[1],10.188077449798584,649.1378674507141,True,2956
